kernel,alpha1,alpha2,lambda,epsilon,train_score,valid_score,valid_std
rational_quadratic,10.0,10.0,10.0,1.0,0.2961407305503874,0.31483749527135824,0.027524678173903267
