kernel,alpha1,alpha2,lambda,epsilon,train_score,valid_score,valid_std
spherical,5.0,5.0,10.0,2.0,0.8081216081868055,0.8163332868333317,0.0560895361376102
