kernel,alpha1,alpha2,lambda,epsilon,train_score,valid_score,valid_std
anova,5.0,5.0,100.0,2.0,0.8686741048994258,0.8715629831979168,0.0776501280335419
