kernel,alpha1,alpha2,lambda,epsilon,train_score,valid_score,valid_std
wave,5.0,5.0,1.0,2.0,0.7793463190164449,0.7832509238089671,0.06829051018328863
