kernel,alpha1,alpha2,lambda,epsilon,train_score,valid_score,valid_std
circular,5.0,5.0,10.0,2.0,1081123.6364732129,1084040.9366942472,189408.23778701594
