kernel,alpha1,alpha2,lambda,epsilon,train_score,valid_score,valid_std
rational_quadratic,1.0,1.0,100.0,0.5,0.10875640653376102,0.14051440496307419,0.010843359057856975
