kernel,alpha1,alpha2,lambda,epsilon,train_score,valid_score,valid_std
log,5.0,5.0,1.0,1.0,86.58170208934942,80.20497085509116,11.148670090420254
