kernel,alpha1,alpha2,lambda,epsilon,train_score,valid_score,valid_std
power,2.0,2.0,100.0,0.5,2.1206892519505622,2.003418407926838,1.1960956165228767
