kernel,alpha1,alpha2,lambda,epsilon,train_score,valid_score,valid_std
polynomial,2.0,2.0,100.0,2.0,0.8232261757650031,0.8249497401839075,0.0742452355405239
