kernel,alpha1,alpha2,lambda,epsilon,train_score,valid_score,valid_std
gaussian,0.5,0.5,1.0,1.0,0.43410988069307815,0.4794298953162778,0.0452387645211565
