kernel,alpha1,alpha2,lambda,epsilon,train_score,valid_score,valid_std
circular,0.5,0.5,100.0,2.0,1.0298177332090468,1.0429169994651715,0.06786652891419478
