kernel,alpha1,alpha2,lambda,epsilon,train_score,valid_score,valid_std
polynomial,2.0,2.0,10.0,1.0,0.8909098627328669,0.904506920106561,0.16092016427573638
