kernel,alpha1,alpha2,lambda,epsilon,train_score,valid_score,valid_std
polynomial,2.0,2.0,100.0,0.5,3.260332922095306,3.3122364717054547,1.3132449520188978
