kernel,alpha1,alpha2,lambda,epsilon,train_score,valid_score,valid_std
anova,1.0,1.0,100.0,2.0,0.7581091240852225,0.7624017803895188,0.06158941250800815
