kernel,alpha1,alpha2,lambda,epsilon,train_score,valid_score,valid_std
linear,10.0,10.0,100.0,2.0,0.7393867259361318,0.7471924600574578,0.07105440784404171
