kernel,alpha1,alpha2,lambda,epsilon,train_score,valid_score,valid_std
wave,5.0,5.0,1.0,1.0,0.5076606438688246,0.5119364057886517,0.04948466542223466
