kernel,alpha1,alpha2,lambda,epsilon,train_score,valid_score,valid_std
spherical,1.0,1.0,1.0,0.5,0.1684958627457127,0.30469519218456975,0.03301476306496367
