kernel,alpha1,alpha2,lambda,epsilon,train_score,valid_score,valid_std
gaussian,5.0,5.0,100.0,2.0,0.8066055327224657,0.8169975014385173,0.0888833369393496
