kernel,alpha1,alpha2,lambda,epsilon,train_score,valid_score,valid_std
power,2.5,2.5,100.0,2.0,2766343792.262835,2712701256.8354273,280291453.20574623
