kernel,alpha1,alpha2,lambda,epsilon,train_score,valid_score,valid_std
circular,0.5,0.5,1.0,1.0,3.5001805359868072,3.321904941570112,0.7581317037115028
