kernel,alpha1,alpha2,lambda,epsilon,train_score,valid_score,valid_std
spherical,5.0,5.0,10.0,0.5,0.11609452836372473,0.15891991672190514,0.021416428795577216
