kernel,alpha1,alpha2,lambda,epsilon,train_score,valid_score,valid_std
spherical,0.5,0.5,100.0,2.0,1.0636964822056618,1.0896781285031547,0.09371527089393329
