kernel,alpha1,alpha2,lambda,epsilon,train_score,valid_score,valid_std
spline,0.0,0.0,1.0,0.5,524.6616611949896,590.9790172583757,175.15429812658874
