kernel,alpha1,alpha2,lambda,epsilon,train_score,valid_score,valid_std
gaussian,0.5,0.5,1.0,2.0,0.9938978541028958,1.0076072914802399,0.08057450474135608
