kernel,alpha1,alpha2,lambda,epsilon,train_score,valid_score,valid_std
wave,0.5,0.5,100.0,1.0,3829488.4507999658,3993115.3674771497,480627.3439898053
