kernel,alpha1,alpha2,lambda,epsilon,train_score,valid_score,valid_std
gaussian,1.0,1.0,10.0,0.5,0.1342657933539269,0.1613470609625886,0.027851416167796367
