kernel,alpha1,alpha2,lambda,epsilon,train_score,valid_score,valid_std
polynomial,8.0,8.0,100.0,2.0,0.9275396122348312,1.4135716800676978,0.6629262736397774
