kernel,alpha1,alpha2,lambda,epsilon,train_score,valid_score,valid_std
power,2.2,2.2,1.0,1.0,15898.446518737348,15366.215382416136,1527.0305176429654
