kernel,alpha1,alpha2,lambda,epsilon,train_score,valid_score,valid_std
power,2.5,2.5,10.0,1.0,27686735.558338024,27170473.603874557,2053394.1930644123
