kernel,alpha1,alpha2,lambda,epsilon,train_score,valid_score,valid_std
polynomial,5.0,5.0,10.0,2.0,0.857436628440577,0.8656304499531897,0.07540503569402049
