kernel,alpha1,alpha2,lambda,epsilon,train_score,valid_score,valid_std
spherical,0.5,0.5,10.0,2.0,1.06334467183691,1.089319967755181,0.11265946891640653
