kernel,alpha1,alpha2,lambda,epsilon,train_score,valid_score,valid_std
gaussian,1.0,1.0,1.0,0.5,0.17472127060617035,0.20472431001800526,0.023087406534359596
