kernel,alpha1,alpha2,lambda,epsilon,train_score,valid_score,valid_std
gaussian,5.0,5.0,1.0,0.5,0.3748164865245466,0.3820833783925487,0.05800028979625419
