kernel,alpha1,alpha2,lambda,epsilon,train_score,valid_score,valid_std
log,2.0,2.0,100.0,0.5,0.10603847569604796,0.13269855811892234,0.026529004053511097
