kernel,alpha1,alpha2,lambda,epsilon,train_score,valid_score,valid_std
polynomial,5.0,5.0,100.0,0.5,114.5422383583735,104.62627202413819,151.08844930593307
