kernel,alpha1,alpha2,lambda,epsilon,train_score,valid_score,valid_std
rational_quadratic,100.0,100.0,10.0,2.0,0.7203509772381006,0.7226982625774178,0.039270093371397544
