kernel,alpha1,alpha2,lambda,epsilon,train_score,valid_score,valid_std
power,2.2,2.2,10.0,1.0,1574291.323374432,1543089.7558913205,113411.67520378291
