kernel,alpha1,alpha2,lambda,epsilon,train_score,valid_score,valid_std
wave,1.0,1.0,1.0,0.5,0.2607840721983915,0.2711608316793074,0.035519813275455656
