kernel,alpha1,alpha2,lambda,epsilon,train_score,valid_score,valid_std
anova,0.5,0.5,10.0,2.0,0.7201380544570527,0.7219973525934266,0.08030747445834525
