kernel,alpha1,alpha2,lambda,epsilon,train_score,valid_score,valid_std
gaussian,1.0,1.0,100.0,1.0,0.31388642378665393,0.3320377332611299,0.03183390360243737
