kernel,alpha1,alpha2,lambda,epsilon,train_score,valid_score,valid_std
rational_quadratic,10.0,10.0,100.0,2.0,0.7983800828744678,0.8003260566336214,0.06919060830887572
