kernel,alpha1,alpha2,lambda,epsilon,train_score,valid_score,valid_std
laplacian,0.5,0.5,100.0,1.0,0.42726933684957313,0.48531629869472226,0.03083206633581162
