kernel,alpha1,alpha2,lambda,epsilon,train_score,valid_score,valid_std
anova,0.5,0.5,1.0,1.0,0.4554139118583035,0.4696594028099499,0.052918267061953156
