kernel,alpha1,alpha2,lambda,epsilon,train_score,valid_score,valid_std
spherical,0.5,0.5,10.0,1.0,0.5253397891023953,0.7359620540906031,0.0849273936808309
