kernel,alpha1,alpha2,lambda,epsilon,train_score,valid_score,valid_std
laplacian,5.0,5.0,1.0,2.0,0.7972179805419641,0.8024113546328723,0.06593401726663717
