kernel,alpha1,alpha2,lambda,epsilon,train_score,valid_score,valid_std
wave,1.0,1.0,1.0,1.0,0.3405000971644164,0.35069300050146823,0.04387052476032055
