kernel,alpha1,alpha2,lambda,epsilon,train_score,valid_score,valid_std
polynomial,5.0,5.0,100.0,2.0,0.8576948386865648,0.866793483788447,0.07356406041473951
