kernel,alpha1,alpha2,lambda,epsilon,train_score,valid_score,valid_std
wave,5.0,5.0,100.0,2.0,0.7303256477918483,0.7311646772122959,0.055952414781667105
