kernel,alpha1,alpha2,lambda,epsilon,train_score,valid_score,valid_std
linear,0.0,0.0,100.0,0.5,0.9838138369582593,0.9730832825547532,0.329542119464761
