kernel,alpha1,alpha2,lambda,epsilon,train_score,valid_score,valid_std
spherical,5.0,5.0,10.0,1.0,0.32305840453583384,0.3486855776497829,0.04863997266278253
