kernel,alpha1,alpha2,lambda,epsilon,train_score,valid_score,valid_std
anova,5.0,5.0,10.0,2.0,0.8605676010236142,0.866047462556373,0.06505562164602258
