kernel,alpha1,alpha2,lambda,epsilon,train_score,valid_score,valid_std
spherical,5.0,5.0,100.0,0.5,0.11133115188249361,0.15113456437174075,0.01879322566459933
