kernel,alpha1,alpha2,lambda,epsilon,train_score,valid_score,valid_std
anova,0.5,0.5,10.0,2.0,0.7177146560470722,0.7194544468829795,0.0652650761373491
