kernel,alpha1,alpha2,lambda,epsilon,train_score,valid_score,valid_std
gaussian,1.0,1.0,100.0,2.0,0.8820434387346758,0.8896464011116885,0.0966033289488552
