kernel,alpha1,alpha2,lambda,epsilon,train_score,valid_score,valid_std
log,2.0,2.0,100.0,2.0,0.7974591292869748,0.803311095723964,0.07136186631791896
