kernel,alpha1,alpha2,lambda,epsilon,train_score,valid_score,valid_std
log,8.0,8.0,1.0,2.0,598.8590217576377,552.5757024050334,191.04573154213554
