kernel,alpha1,alpha2,lambda,epsilon,train_score,valid_score,valid_std
chi_square,0.0,0.0,10.0,0.5,19004846463.059486,18873661699.722466,3496882032.2388573
