kernel,alpha1,alpha2,lambda,epsilon,train_score,valid_score,valid_std
polynomial,5.0,5.0,10.0,2.0,0.8572111588173124,0.8622984107825576,0.07763459924156664
