kernel,alpha1,alpha2,lambda,epsilon,train_score,valid_score,valid_std
linear,100.0,100.0,1.0,1.0,0.5019244365140311,0.5055281150529103,0.05016315973986065
