kernel,alpha1,alpha2,lambda,epsilon,train_score,valid_score,valid_std
laplacian,0.5,0.5,1.0,2.0,0.9863885619929871,1.0009178938279701,0.10024029759901244
