kernel,alpha1,alpha2,lambda,epsilon,train_score,valid_score,valid_std
gaussian,0.5,0.5,100.0,1.0,0.42334394033198547,0.4736520553910739,0.048921437662935295
