kernel,alpha1,alpha2,lambda,epsilon,train_score,valid_score,valid_std
spline,0.0,0.0,1.0,1.0,518.2624007900738,630.7150475120003,170.59424987975217
