kernel,alpha1,alpha2,lambda,epsilon,train_score,valid_score,valid_std
log,8.0,8.0,1.0,0.5,619.5880709985079,571.9792921291776,99.66674359719086
