kernel,alpha1,alpha2,lambda,epsilon,train_score,valid_score,valid_std
circular,1.0,1.0,1.0,1.0,407.19244578403067,374.74767802607846,48.38799658078705
