kernel,alpha1,alpha2,lambda,epsilon,train_score,valid_score,valid_std
rational_quadratic,100.0,100.0,1.0,2.0,0.7645114859311668,0.7680342471546141,0.07842988110591799
