kernel,alpha1,alpha2,lambda,epsilon,train_score,valid_score,valid_std
anova,1.0,1.0,1.0,2.0,0.7580175852924753,0.7592080148403746,0.06690206904968367
