kernel,alpha1,alpha2,lambda,epsilon,train_score,valid_score,valid_std
power,2.2,2.2,10.0,0.5,1580229.1570418794,1538902.4073140076,167744.29102977057
