kernel,alpha1,alpha2,lambda,epsilon,train_score,valid_score,valid_std
spline,0.0,0.0,100.0,0.5,5369788.108350313,6051781.767772254,1452499.4976417252
