kernel,alpha1,alpha2,lambda,epsilon,train_score,valid_score,valid_std
power,2.5,2.5,10.0,0.5,27623236.07880854,27265723.437811602,2042722.9747728093
