kernel,alpha1,alpha2,lambda,epsilon,train_score,valid_score,valid_std
spherical,0.5,0.5,1.0,0.5,0.203232787828658,0.5180612909794668,0.05737421830632258
