kernel,alpha1,alpha2,lambda,epsilon,train_score,valid_score,valid_std
laplacian,1.0,1.0,1.0,0.5,0.147134557514139,0.2006670874113671,0.021545826022676073
