kernel,alpha1,alpha2,lambda,epsilon,train_score,valid_score,valid_std
spline,0.0,0.0,100.0,2.0,0.8456081396953629,0.853320696664109,0.0741909656747333
