kernel,alpha1,alpha2,lambda,epsilon,train_score,valid_score,valid_std
gaussian,0.5,0.5,10.0,0.5,0.13000297995344387,0.18293722815137542,0.02891519381482455
