kernel,alpha1,alpha2,lambda,epsilon,train_score,valid_score,valid_std
laplacian,0.5,0.5,10.0,0.5,0.13759493076940033,0.21870513213557147,0.022729273055604536
