kernel,alpha1,alpha2,lambda,epsilon,train_score,valid_score,valid_std
polynomial,2.0,2.0,10.0,2.0,0.8238164455193274,0.8278465053627183,0.08610485934940923
