kernel,alpha1,alpha2,lambda,epsilon,train_score,valid_score,valid_std
power,2.5,2.5,100.0,1.0,2764166967.174163,2740702765.865157,271213234.15275
