kernel,alpha1,alpha2,lambda,epsilon,train_score,valid_score,valid_std
circular,0.5,0.5,10.0,0.5,979.5187058597091,816.0153957595401,123.65139526283359
