kernel,par,train_score,valid_score,valid_std
histogram_intersection,0,0.4055923153430917,0.43694331860639285,0.08329525509444013
