kernel,alpha1,alpha2,lambda,epsilon,train_score,valid_score,valid_std
polynomial,8.0,8.0,1.0,2.0,0.9254919957364786,1.3576692554614334,0.7303059346251107
