kernel,alpha1,alpha2,lambda,epsilon,train_score,valid_score,valid_std
polynomial,8.0,8.0,100.0,0.5,274399.12009419367,254773.61255216607,270823.1062378011
