kernel,alpha1,alpha2,lambda,epsilon,train_score,valid_score,valid_std
anova,0.5,0.5,10.0,2.0,0.7253560477057728,0.7285031799062692,0.05472412668430027
