kernel,alpha1,alpha2,lambda,epsilon,train_score,valid_score,valid_std
laplacian,1.0,1.0,1.0,1.0,0.3763557250490887,0.4093451795569858,0.041494115771026414
