kernel,alpha1,alpha2,lambda,epsilon,train_score,valid_score,valid_std
spherical,0.5,0.5,1.0,2.0,1.0636547439664423,1.0867878556208903,0.09501218925679929
