kernel,alpha1,alpha2,lambda,epsilon,train_score,valid_score,valid_std
chi_square,0.0,0.0,1.0,2.0,190233771.21187294,188408554.70134336,24155366.742817968
