kernel,alpha1,alpha2,lambda,epsilon,train_score,valid_score,valid_std
spline,0.0,0.0,10.0,2.0,0.8460149408296838,0.854621007934116,0.07539121246437298
