kernel,alpha1,alpha2,lambda,epsilon,train_score,valid_score,valid_std
circular,1.0,1.0,100.0,2.0,3687070.373668176,3235588.31306736,1154720.4999355641
