kernel,alpha1,alpha2,lambda,epsilon,train_score,valid_score,valid_std
power,2.5,2.5,1.0,2.0,277378.8561782939,265188.07590767485,37317.28248613301
