kernel,alpha1,alpha2,lambda,epsilon,train_score,valid_score,valid_std
power,2.0,2.0,1.0,2.0,0.6999609219522844,0.7031828307508855,0.042840531280866664
