kernel,alpha1,alpha2,lambda,epsilon,train_score,valid_score,valid_std
log,2.0,2.0,1.0,0.5,0.15643289146916087,0.18051562086429182,0.03930625756807081
