kernel,alpha1,alpha2,lambda,epsilon,train_score,valid_score,valid_std
polynomial,5.0,5.0,10.0,1.0,39.32336780356475,31.499589821124953,22.731253568132686
