kernel,alpha1,alpha2,lambda,epsilon,train_score,valid_score,valid_std
circular,0.5,0.5,10.0,2.0,1.0302902262152154,1.0426029419788212,0.06727571151016754
