kernel,alpha1,alpha2,lambda,epsilon,train_score,valid_score,valid_std
multiquadratic,10.0,10.0,100.0,1.0,513462411.95466244,511414287.80658245,36438336.09711984
