kernel,alpha1,alpha2,lambda,epsilon,train_score,valid_score,valid_std
rational_quadratic,100.0,100.0,100.0,1.0,0.34125078501891515,0.3472741872871353,0.0421718212703487
