kernel,alpha1,alpha2,lambda,epsilon,train_score,valid_score,valid_std
laplacian,1.0,1.0,1.0,2.0,0.8994715316389446,0.9088399406946641,0.058461704555407626
