kernel,alpha1,alpha2,lambda,epsilon,train_score,valid_score,valid_std
gaussian,5.0,5.0,10.0,0.5,0.3096776435784396,0.3169593712768172,0.04684009557332948
