kernel,alpha1,alpha2,lambda,epsilon,train_score,valid_score,valid_std
power,2.2,2.2,100.0,1.0,158218239.56288397,152765608.6613425,16554950.994061714
