kernel,alpha1,alpha2,lambda,epsilon,train_score,valid_score,valid_std
power,2.0,2.0,10.0,0.5,0.5341267522235252,0.5383812036228782,0.054896853574011695
