kernel,alpha1,alpha2,lambda,epsilon,train_score,valid_score,valid_std
laplacian,1.0,1.0,10.0,1.0,0.3695381244357381,0.4008483772014556,0.03592231756709365
