kernel,alpha1,alpha2,lambda,epsilon,train_score,valid_score,valid_std
laplacian,0.5,0.5,100.0,0.5,0.1376992400175799,0.21414611985530888,0.020473072577461605
