kernel,alpha1,alpha2,lambda,epsilon,train_score,valid_score,valid_std
polynomial,2.0,2.0,10.0,1.0,0.8626100107511048,0.8996927824819702,0.18345425737235085
