kernel,alpha1,alpha2,lambda,epsilon,train_score,valid_score,valid_std
gaussian,0.5,0.5,10.0,2.0,0.9941383524732295,1.0053001481048445,0.09841560569691428
