kernel,alpha1,alpha2,lambda,epsilon,train_score,valid_score,valid_std
spherical,0.5,0.5,1.0,1.0,0.5351954027292709,0.7498387125996138,0.06681100658865835
