kernel,alpha1,alpha2,lambda,epsilon,train_score,valid_score,valid_std
power,2.0,2.0,100.0,2.0,0.7376481939041368,0.7453035812533437,0.07432504915503682
