kernel,alpha1,alpha2,lambda,epsilon,train_score,valid_score,valid_std
gaussian,5.0,5.0,1.0,2.0,0.7317117535022234,0.7322208716063192,0.07951734264466448
