kernel,alpha1,alpha2,lambda,epsilon,train_score,valid_score,valid_std
polynomial,5.0,5.0,100.0,2.0,0.8571571497543872,0.865222845063407,0.06663847055143927
