kernel,alpha1,alpha2,lambda,epsilon,train_score,valid_score,valid_std
log,5.0,5.0,100.0,2.0,648054.7437689991,613471.1542616201,326692.3339272596
