kernel,alpha1,alpha2,lambda,epsilon,train_score,valid_score,valid_std
log,8.0,8.0,10.0,1.0,57269.10902024609,52535.83078407445,11731.247137253533
