kernel,alpha1,alpha2,lambda,epsilon,train_score,valid_score,valid_std
circular,5.0,5.0,10.0,0.5,1106880.094744991,1088443.2255347825,121080.60325709643
