kernel,alpha1,alpha2,lambda,epsilon,train_score,valid_score,valid_std
wave,0.5,0.5,1.0,0.5,390.09355212541766,404.4992134308279,43.8735576983233
