kernel,alpha1,alpha2,lambda,epsilon,train_score,valid_score,valid_std
linear,0.0,0.0,10.0,0.5,0.49663845205702967,0.49856658972645124,0.06450059267981001
