kernel,alpha1,alpha2,lambda,epsilon,train_score,valid_score,valid_std
laplacian,1.0,1.0,100.0,0.5,0.12497687897624221,0.17935901178172703,0.025509663115809246
