kernel,alpha1,alpha2,lambda,epsilon,train_score,valid_score,valid_std
polynomial,2.0,2.0,1.0,2.0,0.8232782446044101,0.8250086874188097,0.10489985276017127
