kernel,alpha1,alpha2,lambda,epsilon,train_score,valid_score,valid_std
chi_square,0.0,0.0,10.0,2.0,19009907200.28212,18985978560.563057,2230881525.1854134
