kernel,alpha1,alpha2,lambda,epsilon,train_score,valid_score,valid_std
polynomial,2.0,2.0,10.0,2.0,0.8202215338072248,0.823224914865064,0.0533170626117379
