kernel,alpha1,alpha2,lambda,epsilon,train_score,valid_score,valid_std
gaussian,0.5,0.5,100.0,2.0,0.9940208389200453,1.0067140011616436,0.05058630321032805
