kernel,alpha1,alpha2,lambda,epsilon,train_score,valid_score,valid_std
linear,10.0,10.0,100.0,1.0,0.7699307428736305,0.7874069278893505,0.25196843832994664
