kernel,alpha1,alpha2,lambda,epsilon,train_score,valid_score,valid_std
polynomial,8.0,8.0,1.0,2.0,0.9229394287703381,1.2865598667320914,0.4641570212530794
