kernel,alpha1,alpha2,lambda,epsilon,train_score,valid_score,valid_std
log,5.0,5.0,10.0,0.5,7757.226468436292,6985.77888831131,1506.4200834962257
