kernel,alpha1,alpha2,lambda,epsilon,train_score,valid_score,valid_std
rational_quadratic,100.0,100.0,1.0,0.5,0.40689857346747527,0.4129856644556564,0.055210758332523105
