kernel,alpha1,alpha2,lambda,epsilon,train_score,valid_score,valid_std
log,8.0,8.0,100.0,2.0,6075109.003482849,5526792.561834422,1999764.5841060209
