kernel,alpha1,alpha2,lambda,epsilon,train_score,valid_score,valid_std
polynomial,2.0,2.0,100.0,2.0,0.821803011708206,0.8279994463877008,0.09130304006459697
