kernel,alpha1,alpha2,lambda,epsilon,train_score,valid_score,valid_std
gaussian,1.0,1.0,1.0,2.0,0.8834003031077817,0.8914030532431297,0.06820382022632904
