kernel,alpha1,alpha2,lambda,epsilon,train_score,valid_score,valid_std
circular,5.0,5.0,100.0,1.0,108131553.2141902,107490663.59193078,11397225.890297974
