kernel,alpha1,alpha2,lambda,epsilon,train_score,valid_score,valid_std
log,2.0,2.0,1.0,1.0,0.3260093229853652,0.34087116234645165,0.02428219332279118
