kernel,alpha1,alpha2,lambda,epsilon,train_score,valid_score,valid_std
gaussian,5.0,5.0,10.0,1.0,0.3782810297072368,0.38399739790450205,0.03925812815082502
