kernel,alpha1,alpha2,lambda,epsilon,train_score,valid_score,valid_std
power,2.5,2.5,1.0,1.0,276442.86822813295,271217.82476967585,20238.76593728648
