kernel,alpha1,alpha2,lambda,epsilon,train_score,valid_score,valid_std
gaussian,1.0,1.0,1.0,1.0,0.34246504997440413,0.36675652493819977,0.03440797475992723
