kernel,alpha1,alpha2,lambda,epsilon,train_score,valid_score,valid_std
spherical,1.0,1.0,100.0,1.0,0.4776628360284317,0.5769909690081778,0.07079901993618784
