kernel,alpha1,alpha2,lambda,epsilon,train_score,valid_score,valid_std
log,2.0,2.0,10.0,1.0,0.3110218660233353,0.3253268207624726,0.03586063441745794
