kernel,alpha1,alpha2,lambda,epsilon,train_score,valid_score,valid_std
wave,0.5,0.5,10.0,2.0,38323.44918975487,39926.19514372312,6462.825635804905
