kernel,alpha1,alpha2,lambda,epsilon,train_score,valid_score,valid_std
spherical,0.5,0.5,100.0,0.5,0.168595104936218,0.4853111741494037,0.05908431816013346
