kernel,alpha1,alpha2,lambda,epsilon,train_score,valid_score,valid_std
rational_quadratic,100.0,100.0,10.0,0.5,0.3235474107712361,0.33377825192287597,0.038273255020357944
