kernel,alpha1,alpha2,lambda,epsilon,train_score,valid_score,valid_std
wave,0.5,0.5,1.0,1.0,385.3157663858864,399.33814595627547,88.75912494759832
