kernel,alpha1,alpha2,lambda,epsilon,train_score,valid_score,valid_std
log,2.0,2.0,10.0,0.5,0.1186381470792655,0.14482697738730127,0.018401466820588214
