kernel,alpha1,alpha2,lambda,epsilon,train_score,valid_score,valid_std
spherical,5.0,5.0,100.0,1.0,0.32265295840919184,0.3474329664489121,0.05646819135435815
