kernel,alpha1,alpha2,lambda,epsilon,train_score,valid_score,valid_std
laplacian,1.0,1.0,100.0,2.0,0.8994787649647614,0.909161352936968,0.06140034813149185
