kernel,alpha1,alpha2,lambda,epsilon,train_score,valid_score,valid_std
polynomial,2.0,2.0,100.0,2.0,0.8201308717732898,0.8233399038078224,0.0572667657004181
