kernel,alpha1,alpha2,lambda,epsilon,train_score,valid_score,valid_std
linear,10.0,10.0,10.0,1.0,0.5046499039289237,0.50881745915472,0.05480153147637153
