kernel,alpha1,alpha2,lambda,epsilon,train_score,valid_score,valid_std
wave,1.0,1.0,100.0,2.0,0.838179083900575,0.8431152655253886,0.05998637931612438
