kernel,alpha1,alpha2,lambda,epsilon,train_score,valid_score,valid_std
linear,0.0,0.0,100.0,2.0,0.7211679433922613,0.7210775403157379,0.07081637560021889
