kernel,alpha1,alpha2,lambda,epsilon,train_score,valid_score,valid_std
wave,1.0,1.0,1.0,2.0,0.8013614669112432,0.8113424149765589,0.06139989122467167
