kernel,alpha1,alpha2,lambda,epsilon,train_score,valid_score,valid_std
log,8.0,8.0,10.0,2.0,62690.24883002223,59037.48774718928,10739.12523673858
