kernel,alpha1,alpha2,lambda,epsilon,train_score,valid_score,valid_std
power,2.2,2.2,10.0,2.0,1581607.568993833,1552795.58441826,159822.35922505293
