kernel,alpha1,alpha2,lambda,epsilon,train_score,valid_score,valid_std
wave,0.5,0.5,10.0,1.0,38334.52627035415,39717.18720599994,4946.862005518927
