kernel,alpha1,alpha2,lambda,epsilon,train_score,valid_score,valid_std
polynomial,5.0,5.0,10.0,1.0,26.489302690511057,27.230898197190015,29.870257067762623
