kernel,alpha1,alpha2,lambda,epsilon,train_score,valid_score,valid_std
circular,5.0,5.0,1.0,1.0,11170.416637345937,11029.623637844163,1782.432834459196
