kernel,alpha1,alpha2,lambda,epsilon,train_score,valid_score,valid_std
wave,1.0,1.0,100.0,0.5,2528.004177446651,2795.6732265703467,540.9142427045063
