kernel,alpha1,alpha2,lambda,epsilon,train_score,valid_score,valid_std
anova,0.5,0.5,10.0,1.0,0.4527234791783319,0.4646323783696471,0.056183029919403375
