kernel,alpha1,alpha2,lambda,epsilon,train_score,valid_score,valid_std
polynomial,2.0,2.0,1.0,2.0,0.8180266131910958,0.8251739337910717,0.07341485525999583
