kernel,alpha1,alpha2,lambda,epsilon,train_score,valid_score,valid_std
circular,1.0,1.0,10.0,2.0,36857.880090973005,33007.47671145605,11882.227057387385
