kernel,alpha1,alpha2,lambda,epsilon,train_score,valid_score,valid_std
anova,5.0,5.0,1.0,1.0,0.45380771897854677,0.47547358719723587,0.03102323264519843
