kernel,alpha1,alpha2,lambda,epsilon,train_score,valid_score,valid_std
gaussian,1.0,1.0,10.0,2.0,0.8814520224713283,0.8883824433552865,0.09222895252520585
