kernel,alpha1,alpha2,lambda,epsilon,train_score,valid_score,valid_std
laplacian,5.0,5.0,10.0,2.0,0.7973715047937197,0.8032041629344,0.04416826657862873
