kernel,alpha1,alpha2,lambda,epsilon,train_score,valid_score,valid_std
power,2.0,2.0,1.0,1.0,0.502261800944689,0.507570616702054,0.08411445950091606
