kernel,alpha1,alpha2,lambda,epsilon,train_score,valid_score,valid_std
polynomial,5.0,5.0,1.0,2.0,0.8570504145582891,0.8693863679063529,0.02906752874907774
