kernel,alpha1,alpha2,lambda,epsilon,train_score,valid_score,valid_std
power,2.5,2.5,100.0,0.5,2763539732.521017,2733630706.856424,232361366.09019712
