kernel,alpha1,alpha2,lambda,epsilon,train_score,valid_score,valid_std
wave,1.0,1.0,100.0,1.0,2523.694142557955,2746.508590298355,729.773281872862
