kernel,alpha1,alpha2,lambda,epsilon,train_score,valid_score,valid_std
polynomial,8.0,8.0,100.0,2.0,0.9241941301177594,2.416359502530725,3.0039319838005425
