kernel,alpha1,alpha2,lambda,epsilon,train_score,valid_score,valid_std
wave,0.5,0.5,100.0,2.0,3821521.702034688,4019804.382442,439393.03923647804
