kernel,alpha1,alpha2,lambda,epsilon,train_score,valid_score,valid_std
wave,5.0,5.0,10.0,1.0,0.4538346783389512,0.458620931665837,0.0659464346121795
