kernel,alpha1,alpha2,lambda,epsilon,train_score,valid_score,valid_std
anova,0.5,0.5,1.0,2.0,0.7212009943458815,0.7243105053747116,0.07821914985275571
