kernel,alpha1,alpha2,lambda,epsilon,train_score,valid_score,valid_std
linear,10.0,10.0,1.0,0.5,0.487532200113015,0.49306237550486076,0.053611246484901336
