kernel,alpha1,alpha2,lambda,epsilon,train_score,valid_score,valid_std
circular,1.0,1.0,100.0,0.5,4010454.343568188,3618260.239395897,410035.7346860508
