kernel,alpha1,alpha2,lambda,epsilon,train_score,valid_score,valid_std
anova,1.0,1.0,100.0,2.0,0.7680058256423851,0.7762390598536733,0.06510327668160341
