kernel,alpha1,alpha2,lambda,epsilon,train_score,valid_score,valid_std
polynomial,5.0,5.0,10.0,0.5,123.37460193792447,46.856088715954954,54.68900226645179
