kernel,alpha1,alpha2,lambda,epsilon,train_score,valid_score,valid_std
anova,5.0,5.0,10.0,1.0,0.4515247784951121,0.47199996881609313,0.04553667149225042
