kernel,alpha1,alpha2,lambda,epsilon,train_score,valid_score,valid_std
linear,100.0,100.0,10.0,1.0,0.5040831286216482,0.5114135726041517,0.04566440805357504
