kernel,alpha1,alpha2,lambda,epsilon,train_score,valid_score,valid_std
laplacian,1.0,1.0,100.0,1.0,0.369518981272892,0.39881064538648686,0.04057507718403544
