kernel,alpha1,alpha2,lambda,epsilon,train_score,valid_score,valid_std
laplacian,5.0,5.0,100.0,2.0,0.7977995943032848,0.8023476683877465,0.062162295123626275
