kernel,alpha1,alpha2,lambda,epsilon,train_score,valid_score,valid_std
polynomial,2.0,2.0,10.0,1.0,0.8343644808910113,0.875300608292498,0.15370989708976035
