kernel,alpha1,alpha2,lambda,epsilon,train_score,valid_score,valid_std
polynomial,8.0,8.0,100.0,1.0,179101.62730270886,588736.6302486074,1088576.651243848
