kernel,alpha1,alpha2,lambda,epsilon,train_score,valid_score,valid_std
polynomial,8.0,8.0,1.0,2.0,0.9247377808883244,1.3982684797953684,0.5434387043663435
