kernel,alpha1,alpha2,lambda,epsilon,train_score,valid_score,valid_std
log,8.0,8.0,100.0,1.0,6220139.614616443,5657208.753340848,1337077.1239030464
