kernel,alpha1,alpha2,lambda,epsilon,train_score,valid_score,valid_std
wave,5.0,5.0,10.0,0.5,0.3888863363818604,0.3936293194920157,0.04858867567169455
