kernel,alpha1,alpha2,lambda,epsilon,train_score,valid_score,valid_std
linear,100.0,100.0,100.0,2.0,0.7138655324078916,0.7199888212114189,0.05191484364187917
