kernel,alpha1,alpha2,lambda,epsilon,train_score,valid_score,valid_std
linear,0.0,0.0,100.0,1.0,0.6830268809871145,0.6671884369268437,0.18421629327472241
