kernel,alpha1,alpha2,lambda,epsilon,train_score,valid_score,valid_std
log,8.0,8.0,100.0,0.5,6358896.496179464,6102384.79687644,1118618.3001597838
