kernel,alpha1,alpha2,lambda,epsilon,train_score,valid_score,valid_std
polynomial,2.0,2.0,1.0,1.0,0.6717905499759848,0.6714324730880346,0.04579485996753249
