kernel,alpha1,alpha2,lambda,epsilon,train_score,valid_score,valid_std
log,5.0,5.0,10.0,2.0,6777.293924890781,6289.642389375392,3270.389243524583
