kernel,alpha1,alpha2,lambda,epsilon,train_score,valid_score,valid_std
power,2.2,2.2,100.0,2.0,158160713.17558995,154969138.98741263,17592027.447966035
