kernel,alpha1,alpha2,lambda,epsilon,train_score,valid_score,valid_std
log,2.0,2.0,100.0,1.0,0.30857863328556745,0.33070905795453365,0.031084421154753274
