kernel,alpha1,alpha2,lambda,epsilon,train_score,valid_score,valid_std
laplacian,0.5,0.5,100.0,2.0,0.9866034663111936,1.001997651378662,0.05643974899332067
