kernel,alpha1,alpha2,lambda,epsilon,train_score,valid_score,valid_std
laplacian,0.5,0.5,10.0,2.0,0.9870423438525131,1.0018316016615618,0.08296732862610341
