kernel,alpha1,alpha2,lambda,epsilon,train_score,valid_score,valid_std
rational_quadratic,100.0,100.0,100.0,2.0,0.7926356739245163,0.7996327668721548,0.07113954560344032
