kernel,par,train_score,valid_score,valid_std
linear,0,0.48746538387349236,0.49476616567168935,0.05497916911777572
