kernel,alpha1,alpha2,lambda,epsilon,train_score,valid_score,valid_std
circular,5.0,5.0,100.0,2.0,109043367.11445335,103691238.96326824,16399379.479759766
