kernel,alpha1,alpha2,lambda,epsilon,train_score,valid_score,valid_std
polynomial,2.0,2.0,10.0,0.5,1.031113213296784,1.0541481011952263,0.13045088105090014
