kernel,alpha1,alpha2,lambda,epsilon,train_score,valid_score,valid_std
power,2.2,2.2,1.0,0.5,15851.209209946881,15427.953300801368,1786.9369819646681
