kernel,alpha1,alpha2,lambda,epsilon,train_score,valid_score,valid_std
laplacian,1.0,1.0,10.0,0.5,0.12486960793845561,0.17928857911923485,0.024029763447141757
