kernel,alpha1,alpha2,lambda,epsilon,train_score,valid_score,valid_std
spherical,1.0,1.0,100.0,2.0,1.0395129548638289,1.0559070802300559,0.08574263905834315
