kernel,alpha1,alpha2,lambda,epsilon,train_score,valid_score,valid_std
anova,1.0,1.0,1.0,2.0,0.7502928093962973,0.7563652691602234,0.06812035843093531
