kernel,alpha1,alpha2,lambda,epsilon,train_score,valid_score,valid_std
anova,5.0,5.0,1.0,2.0,0.8608326236072636,0.8645815722443853,0.07222260698361294
