kernel,alpha1,alpha2,lambda,epsilon,train_score,valid_score,valid_std
laplacian,0.5,0.5,1.0,1.0,0.4321419304433406,0.4927441000729494,0.04286089750582394
