kernel,alpha1,alpha2,lambda,epsilon,train_score,valid_score,valid_std
rational_quadratic,100.0,100.0,10.0,1.0,0.3993832999933553,0.4054980616040969,0.033320640783069004
