kernel,alpha1,alpha2,lambda,epsilon,train_score,valid_score,valid_std
polynomial,8.0,8.0,10.0,2.0,0.9262656025477826,1.1766490530616047,0.2784731500206945
