kernel,alpha1,alpha2,lambda,epsilon,train_score,valid_score,valid_std
spline,0.0,0.0,1.0,2.0,0.847272963305462,0.850094021368864,0.06816224517363131
