kernel,alpha1,alpha2,lambda,epsilon,train_score,valid_score,valid_std
anova,5.0,5.0,100.0,2.0,0.862616097593836,0.8671065426114826,0.10050922551575503
