kernel,alpha1,alpha2,lambda,epsilon,train_score,valid_score,valid_std
polynomial,2.0,2.0,100.0,1.0,2.530536040101799,2.5752119446257744,1.1984990613548259
