kernel,alpha1,alpha2,lambda,epsilon,train_score,valid_score,valid_std
polynomial,8.0,8.0,100.0,2.0,0.9244404598846849,1.4455968677680537,0.9519532001091926
