kernel,alpha1,alpha2,lambda,epsilon,train_score,valid_score,valid_std
linear,100.0,100.0,100.0,1.0,0.7041591183466596,0.6835240928350491,0.1362782562186536
