kernel,alpha1,alpha2,lambda,epsilon,train_score,valid_score,valid_std
spherical,1.0,1.0,100.0,0.5,0.14891997868973222,0.27056404625669705,0.022611554338957444
