kernel,alpha1,alpha2,lambda,epsilon,train_score,valid_score,valid_std
laplacian,5.0,5.0,100.0,1.0,0.3335480604232989,0.35580261669002816,0.02008333951366649
