kernel,alpha1,alpha2,lambda,epsilon,train_score,valid_score,valid_std
anova,0.5,0.5,100.0,0.5,0.9964209104631765,0.9473998294970164,0.030662521550563836
