kernel,alpha1,alpha2,lambda,epsilon,train_score,valid_score,valid_std
polynomial,2.0,2.0,10.0,0.5,0.9866589867853076,0.9427323103154304,0.03811609957517117
