kernel,alpha1,alpha2,lambda,epsilon,train_score,valid_score,valid_std
circular,5.0,5.0,10.0,0.5,0.7218196022351104,0.717455242966752,0.05566423439291748
