kernel,alpha1,alpha2,lambda,epsilon,train_score,valid_score,valid_std
linear,0.0,0.0,1.0,0.5,0.9733200921585764,0.9706947996589941,0.009336035830191197
