kernel,alpha1,alpha2,lambda,epsilon,train_score,valid_score,valid_std
anova,1.0,1.0,10.0,0.5,0.9952826990810625,0.9575660699062233,0.022073480269392997
