kernel,alpha1,alpha2,lambda,epsilon,train_score,valid_score,valid_std
anova,1.0,1.0,10.0,0.5,0.9956081671565903,0.9547101449275364,0.026411156070194675
