kernel,alpha1,alpha2,lambda,epsilon,train_score,valid_score,valid_std
polynomial,8.0,8.0,1.0,0.5,0.9998373983739837,0.8346547314578006,0.05427153095491684
