kernel,alpha1,alpha2,lambda,epsilon,train_score,valid_score,valid_std
polynomial,8.0,8.0,1.0,0.5,0.9996745319244724,0.8344202898550724,0.04494990008298953
