kernel,alpha1,alpha2,lambda,epsilon,train_score,valid_score,valid_std
anova,5.0,5.0,1.0,0.5,0.9913778766452161,0.9604219948849103,0.018697852819627866
