kernel,alpha1,alpha2,lambda,epsilon,train_score,valid_score,valid_std
multiquadratic,1.0,1.0,100.0,0.5,0.3043796509626334,0.30462489343563515,0.04798739480726466
