kernel,alpha1,alpha2,lambda,epsilon,train_score,valid_score,valid_std
wave,0.5,0.5,10.0,0.5,0.7488210057996345,0.7233375959079285,0.048789393250088804
