kernel,alpha1,alpha2,lambda,epsilon,train_score,valid_score,valid_std
rational_quadratic,100.0,100.0,10.0,0.5,0.9741333651121528,0.9706734867860188,0.019699183080261178
