kernel,alpha1,alpha2,lambda,epsilon,train_score,valid_score,valid_std
linear,100.0,100.0,10.0,0.5,0.9725068192049999,0.9691815856777494,0.03186074205270209
