kernel,alpha1,alpha2,lambda,epsilon,train_score,valid_score,valid_std
polynomial,5.0,5.0,1.0,0.5,0.9998371335504885,0.9355072463768115,0.035593033877050914
