kernel,alpha1,alpha2,lambda,epsilon,train_score,valid_score,valid_std
circular,1.0,1.0,10.0,0.5,0.9936561531739097,0.9487212276214834,0.02635450286074996
