kernel,alpha1,alpha2,lambda,epsilon,train_score,valid_score,valid_std
laplacian,5.0,5.0,1.0,0.5,0.9799899367071845,0.9691602728047741,0.023235342600374857
