kernel,alpha1,alpha2,lambda,epsilon,train_score,valid_score,valid_std
chi_square,0.0,0.0,100.0,0.5,0.3164158788167687,0.3191602728047741,0.036808787835172774
