kernel,alpha1,alpha2,lambda,epsilon,train_score,valid_score,valid_std
linear,10.0,10.0,10.0,0.5,0.9726694208310163,0.9692455242966751,0.020104050219451712
