kernel,alpha1,alpha2,lambda,epsilon,train_score,valid_score,valid_std
multiquadratic,10.0,10.0,100.0,0.5,0.3025860014300469,0.2971653878942881,0.05267644171610457
