kernel,alpha1,alpha2,lambda,epsilon,train_score,valid_score,valid_std
log,5.0,5.0,10.0,0.5,0.995281904610577,0.9486359761295823,0.031756752885672354
