kernel,alpha1,alpha2,lambda,epsilon,train_score,valid_score,valid_std
rational_quadratic,100.0,100.0,1.0,0.5,0.9725068192049999,0.9692668371696505,0.020152062432303663
