kernel,alpha1,alpha2,lambda,epsilon,train_score,valid_score,valid_std
power,2.5,2.5,1.0,0.5,0.9614432880485155,0.9618499573742539,0.016460383135409623
