kernel,alpha1,alpha2,lambda,epsilon,train_score,valid_score,valid_std
wave,0.5,0.5,100.0,0.5,0.7493096051481688,0.7202685421994884,0.050946170480300194
