kernel,alpha1,alpha2,lambda,epsilon,train_score,valid_score,valid_std
wave,5.0,5.0,1.0,0.5,0.9707182013188209,0.9707800511508953,0.022632515027492795
