kernel,par,train_score,valid_score,valid_std
hyperbolic_tangent,0,0.9521752601890838,0.9559889173060527,0.02947613481871662
