kernel,alpha1,alpha2,lambda,epsilon,train_score,valid_score,valid_std
spline,0.0,0.0,1.0,0.5,0.9969092449882153,0.9223998294970162,0.02374802113488016
