kernel,alpha1,alpha2,lambda,epsilon,train_score,valid_score,valid_std
polynomial,2.0,2.0,10.0,0.5,0.9871475861338418,0.9443520886615515,0.030473003872775198
