kernel,alpha1,alpha2,lambda,epsilon,train_score,valid_score,valid_std
gaussian,1.0,1.0,1.0,0.5,0.9856836418527053,0.9662617220801362,0.022846773556455834
