kernel,alpha1,alpha2,lambda,epsilon,train_score,valid_score,valid_std
linear,10.0,10.0,100.0,0.5,0.9729940944360583,0.9633205456095479,0.015152673291683266
