kernel,alpha1,alpha2,lambda,epsilon,train_score,valid_score,valid_std
wave,5.0,5.0,10.0,0.5,0.9729946240830486,0.9677749360613811,0.01828733923734208
