kernel,alpha1,alpha2,lambda,epsilon,train_score,valid_score,valid_std
anova,1.0,1.0,1.0,0.5,0.9851966314451419,0.9663043478260871,0.020757567568620558
