kernel,alpha1,alpha2,lambda,epsilon,train_score,valid_score,valid_std
log,8.0,8.0,10.0,0.5,0.9905643388681444,0.9575873827791985,0.018905611573356417
