kernel,alpha1,alpha2,lambda,epsilon,train_score,valid_score,valid_std
polynomial,2.0,2.0,100.0,0.5,0.9886128545324541,0.9399403239556691,0.03435153831480953
