kernel,alpha1,alpha2,lambda,epsilon,train_score,valid_score,valid_std
polynomial,2.0,2.0,10.0,0.5,0.987800111225868,0.9371057118499573,0.022543227322326314
