kernel,alpha1,alpha2,lambda,epsilon,train_score,valid_score,valid_std
anova,0.5,0.5,10.0,0.5,0.9889375281374964,0.9633844842284738,0.013525801389943998
