kernel,alpha1,alpha2,lambda,epsilon,train_score,valid_score,valid_std
rational_quadratic,100.0,100.0,100.0,2.0,2.063694131540683,2.0687722816006633,0.10765645939371368
