kernel,alpha1,alpha2,lambda,epsilon,train_score,valid_score,valid_std
circular,1.0,1.0,1.0,1.0,0.7460427024089364,1.156831363970231,0.10669764330419508
