kernel,alpha1,alpha2,lambda,epsilon,train_score,valid_score,valid_std
circular,1.0,1.0,10.0,2.0,2.1884830997547207,2.2193496603131413,0.09491043067191193
