kernel,alpha1,alpha2,lambda,epsilon,train_score,valid_score,valid_std
gaussian,1.0,1.0,10.0,2.0,2.1890580520043526,2.2198445589170883,0.13364262567720125
