kernel,alpha1,alpha2,lambda,epsilon,train_score,valid_score,valid_std
circular,1.0,1.0,1.0,0.5,0.3751333592952986,1.0064943662976207,0.12318678702835406
