kernel,alpha1,alpha2,lambda,epsilon,train_score,valid_score,valid_std
anova,5.0,5.0,1.0,0.5,0.15594113051836392,0.5410565805455781,0.05917602563199474
