kernel,alpha1,alpha2,lambda,epsilon,train_score,valid_score,valid_std
power,2.5,2.5,10.0,0.5,20613915261.55648,20877722417.505604,2056995324.9621813
