kernel,alpha1,alpha2,lambda,epsilon,train_score,valid_score,valid_std
laplacian,1.0,1.0,1.0,1.0,0.7436638157689053,1.145187403810167,0.05540405439789049
