kernel,alpha1,alpha2,lambda,epsilon,train_score,valid_score,valid_std
power,2.5,2.5,1.0,0.5,206342230.11061165,209090633.59847075,25363652.351933047
