kernel,alpha1,alpha2,lambda,epsilon,train_score,valid_score,valid_std
laplacian,5.0,5.0,10.0,1.0,0.561182617008031,0.7087280643474456,0.03563933341152124
