kernel,alpha1,alpha2,lambda,epsilon,train_score,valid_score,valid_std
log,8.0,8.0,100.0,1.0,0.5450908542121028,0.6675694434627976,0.05743371351419029
