kernel,alpha1,alpha2,lambda,epsilon,train_score,valid_score,valid_std
polynomial,5.0,5.0,10.0,2.0,1.935818623480318,1.9469058599127564,0.0890412130234185
