kernel,alpha1,alpha2,lambda,epsilon,train_score,valid_score,valid_std
spherical,0.5,0.5,10.0,1.0,0.6931015121894333,1.2043916477997005,0.0775176548827071
