kernel,alpha1,alpha2,lambda,epsilon,train_score,valid_score,valid_std
gaussian,5.0,5.0,1.0,2.0,2.1033189398229677,2.1133367660174343,0.09878727832362048
