kernel,alpha1,alpha2,lambda,epsilon,train_score,valid_score,valid_std
log,2.0,2.0,100.0,2.0,2.095666203981147,2.1011826525085455,0.07627503737035513
