kernel,alpha1,alpha2,lambda,epsilon,train_score,valid_score,valid_std
wave,5.0,5.0,100.0,2.0,1.9697165967429235,1.977132811097298,0.10674589480339872
