kernel,alpha1,alpha2,lambda,epsilon,train_score,valid_score,valid_std
laplacian,1.0,1.0,100.0,2.0,2.1893248910547665,2.2194734326423244,0.060811085092791727
