kernel,alpha1,alpha2,lambda,epsilon,train_score,valid_score,valid_std
laplacian,0.5,0.5,1.0,0.5,0.37507956582400853,1.0063111414340942,0.160028666650819
