kernel,alpha1,alpha2,lambda,epsilon,train_score,valid_score,valid_std
polynomial,5.0,5.0,100.0,2.0,1.9323463181187652,1.9447232198830988,0.053561787317954024
