kernel,par,train_score,valid_score,valid_std
linear,0,0.3566382223142484,0.3972765150414176,0.04594109160205268
