kernel,alpha1,alpha2,lambda,epsilon,train_score,valid_score,valid_std
log,2.0,2.0,10.0,0.5,0.14945111600878772,0.3839008620793664,0.051197378541933555
