kernel,alpha1,alpha2,lambda,epsilon,train_score,valid_score,valid_std
power,2.0,2.0,1.0,2.0,1.890001343052143,1.8926683322146434,0.06490829795746446
