kernel,alpha1,alpha2,lambda,epsilon,train_score,valid_score,valid_std
log,2.0,2.0,1.0,1.0,0.545993750263454,0.6702415357072944,0.046828109212778
