kernel,alpha1,alpha2,lambda,epsilon,train_score,valid_score,valid_std
polynomial,5.0,5.0,100.0,0.5,0.1573007687310194,5.142498217103675,5.628763014830488
