kernel,alpha1,alpha2,lambda,epsilon,train_score,valid_score,valid_std
power,2.2,2.2,100.0,2.0,1.787665184685449,1.7882530559029561,0.07904506711289334
