kernel,alpha1,alpha2,lambda,epsilon,train_score,valid_score,valid_std
linear,100.0,100.0,100.0,0.5,1.6153829966853295,1.7784038982421162,0.6875023749024816
