kernel,alpha1,alpha2,lambda,epsilon,train_score,valid_score,valid_std
polynomial,2.0,2.0,1.0,1.0,0.4443111317617089,0.6549430929901898,0.0832996506117911
