kernel,alpha1,alpha2,lambda,epsilon,train_score,valid_score,valid_std
laplacian,5.0,5.0,100.0,2.0,2.117770851427914,2.12704495148607,0.11803868294902899
