kernel,alpha1,alpha2,lambda,epsilon,train_score,valid_score,valid_std
polynomial,5.0,5.0,100.0,1.0,0.49976542930217127,2.0464699215298054,1.2573551715140845
