kernel,alpha1,alpha2,lambda,epsilon,train_score,valid_score,valid_std
laplacian,5.0,5.0,10.0,2.0,2.117900705102092,2.1271502275808514,0.061964659915777966
