kernel,alpha1,alpha2,lambda,epsilon,train_score,valid_score,valid_std
polynomial,5.0,5.0,1.0,2.0,1.9340803730179832,1.9527840418423665,0.07151680794852847
