kernel,alpha1,alpha2,lambda,epsilon,train_score,valid_score,valid_std
spherical,5.0,5.0,1.0,1.0,0.7460376966000701,1.154673788650218,0.0998228396281411
