kernel,alpha1,alpha2,lambda,epsilon,train_score,valid_score,valid_std
wave,1.0,1.0,100.0,1.0,2799750.5753013263,2949504.749875699,242662.04904665073
