kernel,alpha1,alpha2,lambda,epsilon,train_score,valid_score,valid_std
anova,0.5,0.5,100.0,0.5,0.2778975799787582,0.7302621070171182,0.0872838217619466
