kernel,alpha1,alpha2,lambda,epsilon,train_score,valid_score,valid_std
log,5.0,5.0,1.0,1.0,0.5452987363815065,0.6676523113221006,0.053974715759946425
