kernel,alpha1,alpha2,lambda,epsilon,train_score,valid_score,valid_std
linear,10.0,10.0,10.0,1.0,0.6141464737117336,0.6993578376704901,0.07928210984169892
