kernel,alpha1,alpha2,lambda,epsilon,train_score,valid_score,valid_std
laplacian,0.5,0.5,10.0,1.0,0.693216554888276,1.2035656970682478,0.07608876596146318
