kernel,alpha1,alpha2,lambda,epsilon,train_score,valid_score,valid_std
circular,5.0,5.0,100.0,2.0,2.174839473123496,2.2007461084608746,0.06780686556226657
