kernel,alpha1,alpha2,lambda,epsilon,train_score,valid_score,valid_std
polynomial,8.0,8.0,100.0,0.5,0.1761790784814685,1129.5373148328213,1058.8093445548095
