kernel,alpha1,alpha2,lambda,epsilon,train_score,valid_score,valid_std
spherical,1.0,1.0,100.0,0.5,0.20361735849409368,1.0375493277546781,0.13713508729071616
