kernel,alpha1,alpha2,lambda,epsilon,train_score,valid_score,valid_std
gaussian,1.0,1.0,1.0,1.0,0.7460601029864418,1.1568136225546082,0.09572858921091829
