kernel,alpha1,alpha2,lambda,epsilon,train_score,valid_score,valid_std
anova,0.5,0.5,10.0,1.0,0.36779723381291607,0.5542146554620857,0.055311012175392166
