kernel,alpha1,alpha2,lambda,epsilon,train_score,valid_score,valid_std
anova,5.0,5.0,100.0,2.0,2.1159333452900677,2.1212281597368925,0.10786311834072507
