kernel,alpha1,alpha2,lambda,epsilon,train_score,valid_score,valid_std
log,8.0,8.0,10.0,0.5,0.14911323977387592,0.3820384292120184,0.059416670562457294
