kernel,alpha1,alpha2,lambda,epsilon,train_score,valid_score,valid_std
spherical,5.0,5.0,10.0,0.5,0.20342983164109762,1.0253562384443824,0.1312365537268016
