kernel,alpha1,alpha2,lambda,epsilon,train_score,valid_score,valid_std
linear,0.0,0.0,10.0,0.5,0.750921077239691,0.7989168871010849,0.20641819592251318
