kernel,alpha1,alpha2,lambda,epsilon,train_score,valid_score,valid_std
spherical,5.0,5.0,100.0,2.0,2.189131728647224,2.219923365143864,0.08964250353242639
