kernel,alpha1,alpha2,lambda,epsilon,train_score,valid_score,valid_std
spherical,5.0,5.0,1.0,2.0,2.1888799291193473,2.219489260206371,0.0966149419037472
