kernel,alpha1,alpha2,lambda,epsilon,train_score,valid_score,valid_std
power,2.5,2.5,10.0,2.0,18528033099.528473,18891805664.266148,6678270994.114106
