kernel,alpha1,alpha2,lambda,epsilon,train_score,valid_score,valid_std
polynomial,2.0,2.0,10.0,2.0,2.022453074271509,2.0300536431295315,0.06963170007377206
