kernel,alpha1,alpha2,lambda,epsilon,train_score,valid_score,valid_std
spherical,5.0,5.0,1.0,0.5,0.37257853071897284,0.9974186552323847,0.17233918518654975
