kernel,alpha1,alpha2,lambda,epsilon,train_score,valid_score,valid_std
linear,10.0,10.0,10.0,0.5,0.7018556897026593,0.7169890348901035,0.11515391559905985
