kernel,alpha1,alpha2,lambda,epsilon,train_score,valid_score,valid_std
anova,1.0,1.0,100.0,1.0,0.3693445991539508,0.5359374465962443,0.035519557167072016
