kernel,alpha1,alpha2,lambda,epsilon,train_score,valid_score,valid_std
polynomial,2.0,2.0,1.0,0.5,0.1729268167118157,0.7858472712064632,0.09210708624267243
