kernel,alpha1,alpha2,lambda,epsilon,train_score,valid_score,valid_std
rational_quadratic,100.0,100.0,10.0,0.5,0.13818686286430715,0.38167840139271936,0.04809375501994264
