kernel,alpha1,alpha2,lambda,epsilon,train_score,valid_score,valid_std
anova,5.0,5.0,10.0,2.0,2.1182791274752315,2.1234668712568014,0.09836734031597881
