kernel,alpha1,alpha2,lambda,epsilon,train_score,valid_score,valid_std
circular,5.0,5.0,10.0,2.0,2.1739369193234297,2.20131353149129,0.10366445598029234
