kernel,alpha1,alpha2,lambda,epsilon,train_score,valid_score,valid_std
anova,1.0,1.0,100.0,1.0,0.3677230743856994,0.5452843434773627,0.06270353453720565
