kernel,alpha1,alpha2,lambda,epsilon,train_score,valid_score,valid_std
log,8.0,8.0,10.0,1.0,0.5452080035094843,0.6688239888323558,0.048404207994195037
