kernel,alpha1,alpha2,lambda,epsilon,train_score,valid_score,valid_std
linear,10.0,10.0,10.0,2.0,1.8888412205418024,1.892263138832869,0.10679640945683333
