kernel,alpha1,alpha2,lambda,epsilon,train_score,valid_score,valid_std
polynomial,8.0,8.0,10.0,2.0,1.9950969666527016,2.620699278499946,1.0643552772999991
