kernel,alpha1,alpha2,lambda,epsilon,train_score,valid_score,valid_std
anova,1.0,1.0,10.0,2.0,2.0818779291325127,2.085359323758603,0.05892401217928259
