kernel,alpha1,alpha2,lambda,epsilon,train_score,valid_score,valid_std
chi_square,0.0,0.0,1.0,1.0,268941689277.46475,271156277419.84415,59761517008.201996
