kernel,alpha1,alpha2,lambda,epsilon,train_score,valid_score,valid_std
polynomial,2.0,2.0,100.0,1.0,0.4442829445393591,0.6729369264536835,0.05225014640680804
