kernel,alpha1,alpha2,lambda,epsilon,train_score,valid_score,valid_std
linear,100.0,100.0,1.0,0.5,0.3445227008664223,0.38547956726422006,0.041141592332712945
