kernel,alpha1,alpha2,lambda,epsilon,train_score,valid_score,valid_std
wave,0.5,0.5,10.0,1.0,1637.4269179093808,1940.7244716994053,193.96419862647878
