kernel,alpha1,alpha2,lambda,epsilon,train_score,valid_score,valid_std
polynomial,2.0,2.0,10.0,2.0,2.020184869880782,2.024964157572187,0.10656068599067718
