kernel,alpha1,alpha2,lambda,epsilon,train_score,valid_score,valid_std
wave,0.5,0.5,1.0,1.0,14.885614041561197,17.879492508310523,2.0837150416847185
