kernel,alpha1,alpha2,lambda,epsilon,train_score,valid_score,valid_std
polynomial,5.0,5.0,1.0,1.0,0.4993583576870404,1.5968044802843862,0.6599198731537229
