kernel,alpha1,alpha2,lambda,epsilon,train_score,valid_score,valid_std
power,2.2,2.2,10.0,0.5,310774920.42941594,315578503.7120458,15928564.601566367
