kernel,alpha1,alpha2,lambda,epsilon,train_score,valid_score,valid_std
wave,0.5,0.5,100.0,2.0,2.1347990150161107,2.1702201274356376,0.0896659346690714
