kernel,alpha1,alpha2,lambda,epsilon,train_score,valid_score,valid_std
polynomial,8.0,8.0,10.0,2.0,1.9951831352055194,2.4914213935222778,0.6935055917814635
