kernel,alpha1,alpha2,lambda,epsilon,train_score,valid_score,valid_std
polynomial,2.0,2.0,100.0,0.5,0.17397528632118636,0.7688158605781157,0.10848519032236892
