kernel,alpha1,alpha2,lambda,epsilon,train_score,valid_score,valid_std
log,2.0,2.0,1.0,2.0,2.0955520498014435,2.1009802439739227,0.07779195974347461
