kernel,alpha1,alpha2,lambda,epsilon,train_score,valid_score,valid_std
gaussian,0.5,0.5,1.0,0.5,0.3750922275067118,1.0072304241941188,0.1492510122135227
