kernel,alpha1,alpha2,lambda,epsilon,train_score,valid_score,valid_std
linear,10.0,10.0,100.0,1.0,0.8442242571805941,0.8916925497153787,0.19280464049920276
