kernel,alpha1,alpha2,lambda,epsilon,train_score,valid_score,valid_std
polynomial,5.0,5.0,10.0,2.0,1.9354769407130896,1.9485950742020672,0.07291272618881614
