kernel,alpha1,alpha2,lambda,epsilon,train_score,valid_score,valid_std
anova,0.5,0.5,10.0,1.0,0.3712383610115683,0.5748812741458481,0.04132273304092885
