kernel,alpha1,alpha2,lambda,epsilon,train_score,valid_score,valid_std
polynomial,2.0,2.0,100.0,2.0,2.020102138978273,2.0255992748623877,0.08618119122377518
