kernel,alpha1,alpha2,lambda,epsilon,train_score,valid_score,valid_std
laplacian,0.5,0.5,1.0,2.0,2.188662662291015,2.2192904337186024,0.05711113801973277
