kernel,alpha1,alpha2,lambda,epsilon,train_score,valid_score,valid_std
polynomial,8.0,8.0,10.0,0.5,0.1765732234869212,1512.2637488780497,2004.7236895850351
