kernel,alpha1,alpha2,lambda,epsilon,train_score,valid_score,valid_std
laplacian,0.5,0.5,10.0,2.0,2.1888839617591462,2.2196167354196596,0.08144022348534094
