kernel,alpha1,alpha2,lambda,epsilon,train_score,valid_score,valid_std
power,2.2,2.2,10.0,1.0,310745293.80086243,314156327.0667999,24087056.158127524
