kernel,alpha1,alpha2,lambda,epsilon,train_score,valid_score,valid_std
polynomial,2.0,2.0,100.0,1.0,0.44477207804434304,0.6644294465773868,0.073623497786202
