kernel,alpha1,alpha2,lambda,epsilon,train_score,valid_score,valid_std
spherical,0.5,0.5,1.0,0.5,0.3751067971076997,1.0067046567469848,0.14449727754594902
