kernel,alpha1,alpha2,lambda,epsilon,train_score,valid_score,valid_std
power,2.0,2.0,10.0,1.0,0.7426635344947313,0.8361237039794354,0.21650588730143408
