kernel,alpha1,alpha2,lambda,epsilon,train_score,valid_score,valid_std
laplacian,0.5,0.5,10.0,0.5,0.20359094458409482,1.0366272897941675,0.07706204419744545
