kernel,alpha1,alpha2,lambda,epsilon,train_score,valid_score,valid_std
gaussian,1.0,1.0,100.0,1.0,0.6931349978727017,1.2043427503809716,0.0892295800202507
