kernel,alpha1,alpha2,lambda,epsilon,train_score,valid_score,valid_std
polynomial,5.0,5.0,10.0,1.0,0.499848004712738,1.8357101957037874,1.0839577703224441
