kernel,alpha1,alpha2,lambda,epsilon,train_score,valid_score,valid_std
gaussian,0.5,0.5,1.0,2.0,2.188966524262745,2.2194841548544635,0.07804394636055333
