kernel,alpha1,alpha2,lambda,epsilon,train_score,valid_score,valid_std
wave,0.5,0.5,1.0,2.0,2.134141460765648,2.169901168290922,0.07871647789693731
