kernel,alpha1,alpha2,lambda,epsilon,train_score,valid_score,valid_std
anova,1.0,1.0,1.0,2.0,2.0839067402100344,2.0870976338508793,0.10676697169590722
