kernel,alpha1,alpha2,lambda,epsilon,train_score,valid_score,valid_std
log,5.0,5.0,100.0,2.0,2.0955327075170214,2.1009347246605876,0.12529822080444264
