kernel,alpha1,alpha2,lambda,epsilon,train_score,valid_score,valid_std
laplacian,0.5,0.5,100.0,1.0,0.6932406743934041,1.203601665574799,0.03638032533220327
