kernel,alpha1,alpha2,lambda,epsilon,train_score,valid_score,valid_std
log,8.0,8.0,100.0,2.0,2.0951521077788184,2.100933485645684,0.0545216904533405
