kernel,alpha1,alpha2,lambda,epsilon,train_score,valid_score,valid_std
wave,0.5,0.5,1.0,0.5,16.122593960143412,19.505734634366714,1.4624010813614994
