kernel,alpha1,alpha2,lambda,epsilon,train_score,valid_score,valid_std
anova,0.5,0.5,1.0,2.0,2.0597226551294407,2.0620994493660403,0.0672418323513051
