kernel,alpha1,alpha2,lambda,epsilon,train_score,valid_score,valid_std
anova,0.5,0.5,100.0,1.0,0.37126128516252954,0.5646393724348946,0.062275399985983665
