kernel,alpha1,alpha2,lambda,epsilon,train_score,valid_score,valid_std
spherical,5.0,5.0,10.0,2.0,2.1888514502600662,2.2196723952334407,0.1126567183626001
