kernel,alpha1,alpha2,lambda,epsilon,train_score,valid_score,valid_std
gaussian,0.5,0.5,100.0,2.0,2.188914346290144,2.2195079896567815,0.10038041037024824
