kernel,alpha1,alpha2,lambda,epsilon,train_score,valid_score,valid_std
spherical,1.0,1.0,10.0,1.0,0.6930843536867213,1.2040308687216206,0.10018751539868395
