kernel,alpha1,alpha2,lambda,epsilon,train_score,valid_score,valid_std
power,2.0,2.0,10.0,0.5,0.8899331532940078,0.936521556152198,0.13564528654723337
