kernel,alpha1,alpha2,lambda,epsilon,train_score,valid_score,valid_std
wave,1.0,1.0,1.0,2.0,272.62870885361883,290.4062678433653,17.198887817615674
