kernel,alpha1,alpha2,lambda,epsilon,train_score,valid_score,valid_std
gaussian,5.0,5.0,100.0,0.5,0.14582522670445627,0.4434504462359762,0.09124429250545024
