kernel,alpha1,alpha2,lambda,epsilon,train_score,valid_score,valid_std
polynomial,2.0,2.0,1.0,0.5,0.17285195581479681,0.7652145006669097,0.10422501809986506
