kernel,alpha1,alpha2,lambda,epsilon,train_score,valid_score,valid_std
anova,1.0,1.0,100.0,2.0,2.080593369266708,2.0843674511111794,0.07488855157855999
