kernel,alpha1,alpha2,lambda,epsilon,train_score,valid_score,valid_std
laplacian,1.0,1.0,10.0,2.0,2.189064319720861,2.219588522203773,0.08661901303254443
