kernel,alpha1,alpha2,lambda,epsilon,train_score,valid_score,valid_std
anova,0.5,0.5,1.0,0.5,0.2172332637038242,0.5039259567531611,0.08330804650548632
