kernel,alpha1,alpha2,lambda,epsilon,train_score,valid_score,valid_std
laplacian,0.5,0.5,100.0,2.0,2.1886134069097056,2.2196817326857414,0.09116255902738779
