kernel,alpha1,alpha2,lambda,epsilon,train_score,valid_score,valid_std
circular,0.5,0.5,10.0,1.0,0.693095183355741,1.2047197507454868,0.11838941747976366
