kernel,alpha1,alpha2,lambda,epsilon,train_score,valid_score,valid_std
gaussian,5.0,5.0,100.0,2.0,2.103311433655633,2.1132792846417225,0.059809829690046945
