kernel,alpha1,alpha2,lambda,epsilon,train_score,valid_score,valid_std
log,5.0,5.0,100.0,0.5,0.14908812429246704,0.3863537516103128,0.047642843042637925
