kernel,alpha1,alpha2,lambda,epsilon,train_score,valid_score,valid_std
anova,0.5,0.5,1.0,2.0,2.063552380542718,2.066561780404345,0.12084380226754997
