kernel,alpha1,alpha2,lambda,epsilon,train_score,valid_score,valid_std
log,8.0,8.0,1.0,2.0,2.0953147426268854,2.1008197284107166,0.04964364325617083
