kernel,alpha1,alpha2,lambda,epsilon,train_score,valid_score,valid_std
gaussian,0.5,0.5,100.0,1.0,0.69320858052914,1.203956303894754,0.06677206046845234
