kernel,alpha1,alpha2,lambda,epsilon,train_score,valid_score,valid_std
power,2.5,2.5,1.0,1.0,206221986.7032033,209135510.93499362,19801720.189195886
