kernel,alpha1,alpha2,lambda,epsilon,train_score,valid_score,valid_std
circular,1.0,1.0,100.0,0.5,0.20360733506096537,1.0373896056408336,0.08907638231114763
