kernel,alpha1,alpha2,lambda,epsilon,train_score,valid_score,valid_std
spherical,0.5,0.5,1.0,2.0,2.188929193067357,2.2195417697290534,0.08081613383099055
