kernel,alpha1,alpha2,lambda,epsilon,train_score,valid_score,valid_std
linear,100.0,100.0,1.0,1.0,0.3824770535312466,0.429793866699091,0.06538826392154028
