kernel,alpha1,alpha2,lambda,epsilon,train_score,valid_score,valid_std
anova,1.0,1.0,1.0,2.0,2.078149602335487,2.081407569117329,0.1056727484472862
