kernel,alpha1,alpha2,lambda,epsilon,train_score,valid_score,valid_std
linear,100.0,100.0,10.0,1.0,0.5630153054486252,0.6349474482275155,0.11165094497492124
