kernel,alpha1,alpha2,lambda,epsilon,train_score,valid_score,valid_std
anova,5.0,5.0,1.0,2.0,2.1205330837383394,2.1253347111267797,0.0966190144076115
