kernel,alpha1,alpha2,lambda,epsilon,train_score,valid_score,valid_std
laplacian,0.5,0.5,100.0,0.5,0.20359759017797377,1.0367461356053502,0.10433051136118056
