kernel,alpha1,alpha2,lambda,epsilon,train_score,valid_score,valid_std
circular,0.5,0.5,1.0,2.0,2.1890379962279427,2.2195936204829505,0.061070206421443896
