kernel,alpha1,alpha2,lambda,epsilon,train_score,valid_score,valid_std
circular,5.0,5.0,100.0,0.5,60043.80044172725,23843.887796201758,5075.339298033638
