kernel,alpha1,alpha2,lambda,epsilon,train_score,valid_score,valid_std
wave,1.0,1.0,1.0,0.5,280.4491852006977,295.533196003009,16.094092066628008
