kernel,alpha1,alpha2,lambda,epsilon,train_score,valid_score,valid_std
polynomial,2.0,2.0,10.0,2.0,2.020700336592828,2.0300790257107693,0.09056058124635372
