kernel,alpha1,alpha2,lambda,epsilon,train_score,valid_score,valid_std
wave,0.5,0.5,10.0,2.0,2.1342251049514003,2.1682081629845262,0.09298076428894887
