kernel,alpha1,alpha2,lambda,epsilon,train_score,valid_score,valid_std
polynomial,2.0,2.0,100.0,1.0,0.4439121212619204,0.6580939149457066,0.0721048574719542
