kernel,alpha1,alpha2,lambda,epsilon,train_score,valid_score,valid_std
anova,1.0,1.0,10.0,2.0,2.083302542709179,2.0875512257210875,0.0805152757063454
