kernel,alpha1,alpha2,lambda,epsilon,train_score,valid_score,valid_std
log,5.0,5.0,10.0,0.5,0.14921393776047123,0.3855259176329958,0.03774125726014107
