kernel,alpha1,alpha2,lambda,epsilon,train_score,valid_score,valid_std
polynomial,5.0,5.0,100.0,2.0,1.935408702659203,1.9449295765623031,0.08206836834573403
