kernel,alpha1,alpha2,lambda,epsilon,train_score,valid_score,valid_std
linear,0.0,0.0,10.0,1.0,0.5545581101200181,0.6383191921248181,0.08165131684440982
