kernel,alpha1,alpha2,lambda,epsilon,train_score,valid_score,valid_std
rational_quadratic,100.0,100.0,100.0,0.5,0.1324797476439748,0.375115057794947,0.05354185753764252
