kernel,alpha1,alpha2,lambda,epsilon,train_score,valid_score,valid_std
anova,1.0,1.0,1.0,1.0,0.36699552706186406,0.527977755032273,0.07259630543190486
