kernel,alpha1,alpha2,lambda,epsilon,train_score,valid_score,valid_std
wave,5.0,5.0,1.0,1.0,0.6433817559819698,0.7828565751901098,0.1590892137990154
