kernel,alpha1,alpha2,lambda,epsilon,train_score,valid_score,valid_std
circular,0.5,0.5,100.0,1.0,0.6931866762893233,1.2038300922707177,0.07400924781328672
