kernel,alpha1,alpha2,lambda,epsilon,train_score,valid_score,valid_std
gaussian,0.5,0.5,10.0,0.5,0.20360372651062408,1.0369990474211457,0.1281046253378518
