kernel,alpha1,alpha2,lambda,epsilon,train_score,valid_score,valid_std
anova,1.0,1.0,100.0,2.0,2.077882893851226,2.0813840791427127,0.06125363694844384
