kernel,alpha1,alpha2,lambda,epsilon,train_score,valid_score,valid_std
anova,0.5,0.5,100.0,2.0,2.0632949319401566,2.067617836241863,0.07293593187701845
