kernel,alpha1,alpha2,lambda,epsilon,train_score,valid_score,valid_std
anova,5.0,5.0,1.0,1.0,0.4185013721387104,0.5660552422180805,0.0470980843514658
