kernel,alpha1,alpha2,lambda,epsilon,train_score,valid_score,valid_std
circular,0.5,0.5,1.0,1.0,0.7460596060885101,1.157638051396685,0.12576408215091367
