kernel,alpha1,alpha2,lambda,epsilon,train_score,valid_score,valid_std
power,2.0,2.0,1.0,0.5,0.4043316847795933,0.4378704074012272,0.07306381438138371
