kernel,alpha1,alpha2,lambda,epsilon,train_score,valid_score,valid_std
anova,5.0,5.0,1.0,2.0,2.117853799537922,2.123101188834174,0.07357534729390984
