kernel,alpha1,alpha2,lambda,epsilon,train_score,valid_score,valid_std
laplacian,5.0,5.0,10.0,0.5,0.15632807577914037,0.4152586572619071,0.02569939480630852
