kernel,alpha1,alpha2,lambda,epsilon,train_score,valid_score,valid_std
power,2.0,2.0,1.0,1.0,0.39673051176487706,0.4573126941139898,0.06230703028259523
