kernel,alpha1,alpha2,lambda,epsilon,train_score,valid_score,valid_std
power,2.2,2.2,100.0,0.5,31113849476.724743,31423726895.363262,2651960939.405314
