kernel,alpha1,alpha2,lambda,epsilon,train_score,valid_score,valid_std
anova,5.0,5.0,10.0,2.0,2.120759121569082,2.1251270709428653,0.10222282764203797
