kernel,alpha1,alpha2,lambda,epsilon,train_score,valid_score,valid_std
laplacian,5.0,5.0,1.0,1.0,0.5672360916073631,0.703340616238692,0.034226161915862106
