kernel,alpha1,alpha2,lambda,epsilon,train_score,valid_score,valid_std
power,2.5,2.5,10.0,1.0,20621710141.48578,20884658623.7445,2230658045.6370206
