kernel,alpha1,alpha2,lambda,epsilon,train_score,valid_score,valid_std
gaussian,5.0,5.0,100.0,1.0,0.5050881797728003,0.6614903905440535,0.0213592882747345
