kernel,alpha1,alpha2,lambda,epsilon,train_score,valid_score,valid_std
polynomial,8.0,8.0,100.0,1.0,0.5667327655454398,280.9756284774147,286.52269661986304
