kernel,alpha1,alpha2,lambda,epsilon,train_score,valid_score,valid_std
wave,5.0,5.0,1.0,2.0,1.9720837071800177,1.9796002599260376,0.10724666069759575
