kernel,alpha1,alpha2,lambda,epsilon,train_score,valid_score,valid_std
gaussian,0.5,0.5,10.0,1.0,0.6931599020499698,1.2042008502680874,0.07135557853940819
