kernel,alpha1,alpha2,lambda,epsilon,train_score,valid_score,valid_std
gaussian,5.0,5.0,10.0,0.5,0.14579116518698595,0.4464434576864823,0.05022107888499411
