kernel,alpha1,alpha2,lambda,epsilon,train_score,valid_score,valid_std
polynomial,8.0,8.0,100.0,0.5,0.1764291461051677,1599.8410238042711,2061.1611726528163
