kernel,alpha1,alpha2,lambda,epsilon,train_score,valid_score,valid_std
circular,5.0,5.0,100.0,1.0,59439.139073909595,24234.103755917306,3319.277943034035
