kernel,alpha1,alpha2,lambda,epsilon,train_score,valid_score,valid_std
polynomial,8.0,8.0,10.0,1.0,0.5662828371846215,351.23500396801745,557.2094676393623
