kernel,alpha1,alpha2,lambda,epsilon,train_score,valid_score,valid_std
anova,1.0,1.0,10.0,1.0,0.366934680381366,0.5425522596773418,0.04315399908874518
