kernel,alpha1,alpha2,lambda,epsilon,train_score,valid_score,valid_std
spherical,5.0,5.0,100.0,0.5,0.20343346092301898,1.024702091004226,0.12048633046522432
