kernel,alpha1,alpha2,lambda,epsilon,train_score,valid_score,valid_std
linear,10.0,10.0,1.0,1.0,0.37875695017721944,0.43840778557879434,0.05277260763325773
