kernel,alpha1,alpha2,lambda,epsilon,train_score,valid_score,valid_std
anova,0.5,0.5,10.0,2.0,2.056304318089022,2.059454501066447,0.06408388627464263
