kernel,alpha1,alpha2,lambda,epsilon,train_score,valid_score,valid_std
gaussian,5.0,5.0,10.0,2.0,2.1034955191742823,2.1135521288921444,0.07339020864644151
