kernel,alpha1,alpha2,lambda,epsilon,train_score,valid_score,valid_std
circular,0.5,0.5,100.0,2.0,2.188780195652024,2.2196533369264793,0.09394644597197813
