kernel,alpha1,alpha2,lambda,epsilon,train_score,valid_score,valid_std
spherical,0.5,0.5,10.0,2.0,2.1884663804796167,2.219568777751761,0.1009849674207612
