kernel,alpha1,alpha2,lambda,epsilon,train_score,valid_score,valid_std
polynomial,2.0,2.0,100.0,0.5,0.17338830577511233,0.724085923595672,0.07141591010337976
