kernel,alpha1,alpha2,lambda,epsilon,train_score,valid_score,valid_std
linear,0.0,0.0,100.0,2.0,1.8964074243136004,1.898412001276141,0.09126340564719267
