kernel,alpha1,alpha2,lambda,epsilon,train_score,valid_score,valid_std
anova,0.5,0.5,10.0,2.0,2.059687835954402,2.0624658083561447,0.08992156988097567
