kernel,alpha1,alpha2,lambda,epsilon,train_score,valid_score,valid_std
anova,5.0,5.0,100.0,2.0,2.118506486730897,2.124202889837162,0.06734438225263807
