kernel,alpha1,alpha2,lambda,epsilon,train_score,valid_score,valid_std
rational_quadratic,10.0,10.0,100.0,1.0,0.5874828220845946,0.7531199743650854,0.04050472032953639
