kernel,alpha1,alpha2,lambda,epsilon,train_score,valid_score,valid_std
anova,0.5,0.5,10.0,2.0,2.0639175352298977,2.068047598685959,0.0959965047570692
