kernel,alpha1,alpha2,lambda,epsilon,train_score,valid_score,valid_std
anova,5.0,5.0,1.0,2.0,2.1158705911560456,2.12170673096935,0.07502900954135781
