kernel,alpha1,alpha2,lambda,epsilon,train_score,valid_score,valid_std
gaussian,1.0,1.0,1.0,0.5,0.3750454045279461,1.007364700083475,0.18150063675668668
