kernel,alpha1,alpha2,lambda,epsilon,train_score,valid_score,valid_std
anova,0.5,0.5,100.0,2.0,2.059775743326296,2.0639214789975826,0.11740338309881664
