kernel,alpha1,alpha2,lambda,epsilon,train_score,valid_score,valid_std
gaussian,5.0,5.0,1.0,0.5,0.22386708042880304,0.43030400721047035,0.016110081466373223
