kernel,alpha1,alpha2,lambda,epsilon,train_score,valid_score,valid_std
polynomial,5.0,5.0,10.0,0.5,0.15725996960222705,6.014836901164406,7.353717782322021
