kernel,alpha1,alpha2,lambda,epsilon,train_score,valid_score,valid_std
log,5.0,5.0,10.0,1.0,0.5453492486963216,0.6671792843342352,0.03645897412309448
