kernel,alpha1,alpha2,lambda,epsilon,train_score,valid_score,valid_std
gaussian,1.0,1.0,100.0,0.5,0.20360450587998208,1.0377482930905886,0.12083994504839829
