kernel,alpha1,alpha2,lambda,epsilon,train_score,valid_score,valid_std
log,2.0,2.0,10.0,1.0,0.5458526591788695,0.6703597442330816,0.020457930959827154
