kernel,alpha1,alpha2,lambda,epsilon,train_score,valid_score,valid_std
power,2.2,2.2,1.0,2.0,1.7792784117187181,1.7838750034944078,0.0898507642313329
