kernel,alpha1,alpha2,lambda,epsilon,train_score,valid_score,valid_std
spherical,1.0,1.0,10.0,0.5,0.20359691449296516,1.0372968039543724,0.10447333316936432
