kernel,alpha1,alpha2,lambda,epsilon,train_score,valid_score,valid_std
linear,100.0,100.0,100.0,2.0,1.8948967760452677,1.8945308311391789,0.08037305359093395
