kernel,alpha1,alpha2,lambda,epsilon,train_score,valid_score,valid_std
laplacian,5.0,5.0,100.0,0.5,0.15636182721295888,0.42117784905212297,0.02766728904226943
