kernel,alpha1,alpha2,lambda,epsilon,train_score,valid_score,valid_std
anova,0.5,0.5,100.0,1.0,0.369412379844555,0.5871537183446502,0.046627033200411054
