kernel,alpha1,alpha2,lambda,epsilon,train_score,valid_score,valid_std
laplacian,1.0,1.0,10.0,1.0,0.6933866185068756,1.1860087303770104,0.08040542904167938
