kernel,alpha1,alpha2,lambda,epsilon,train_score,valid_score,valid_std
rational_quadratic,100.0,100.0,1.0,1.0,0.5267640162165552,0.5941525010531825,0.05958912901763102
