kernel,alpha1,alpha2,lambda,epsilon,train_score,valid_score,valid_std
circular,5.0,5.0,1.0,2.0,2.1740026050298886,2.2010021350350746,0.11556541854143158
