kernel,alpha1,alpha2,lambda,epsilon,train_score,valid_score,valid_std
polynomial,8.0,8.0,100.0,2.0,1.9928686061355787,2.79054420028859,1.8879872188171416
