kernel,alpha1,alpha2,lambda,epsilon,train_score,valid_score,valid_std
rational_quadratic,10.0,10.0,100.0,0.5,0.16276463476660571,0.44347684567453216,0.032847264384767656
