kernel,alpha1,alpha2,lambda,epsilon,train_score,valid_score,valid_std
polynomial,2.0,2.0,1.0,2.0,2.0214800205577017,2.031020420215534,0.06117627721014467
