kernel,alpha1,alpha2,lambda,epsilon,train_score,valid_score,valid_std
polynomial,2.0,2.0,1.0,2.0,2.0205893402216573,2.027263591858049,0.07786877276523638
