kernel,alpha1,alpha2,lambda,epsilon,train_score,valid_score,valid_std
wave,1.0,1.0,1.0,1.0,275.6979350912373,295.86738086076167,28.18993368273138
