kernel,alpha1,alpha2,lambda,epsilon,train_score,valid_score,valid_std
log,2.0,2.0,1.0,0.5,0.1494786086412149,0.38675374719065403,0.04338320492777507
