kernel,alpha1,alpha2,lambda,epsilon,train_score,valid_score,valid_std
polynomial,5.0,5.0,10.0,2.0,1.9367657905039313,1.9512265903536405,0.08339077871738294
