kernel,alpha1,alpha2,lambda,epsilon,train_score,valid_score,valid_std
spherical,0.5,0.5,100.0,2.0,2.1886023413597626,2.2192352002032396,0.07122949330367762
