kernel,alpha1,alpha2,lambda,epsilon,train_score,valid_score,valid_std
anova,0.5,0.5,100.0,2.0,2.0563382707542504,2.0585317411034345,0.12289255321091018
