kernel,alpha1,alpha2,lambda,epsilon,train_score,valid_score,valid_std
polynomial,2.0,2.0,100.0,2.0,2.0208296136356627,2.027208320393002,0.10362462046670048
