kernel,alpha1,alpha2,lambda,epsilon,train_score,valid_score,valid_std
gaussian,0.5,0.5,10.0,2.0,2.188862908749198,2.2194558303900775,0.10828136945571483
