kernel,alpha1,alpha2,lambda,epsilon,train_score,valid_score,valid_std
polynomial,5.0,5.0,1.0,1.0,0.4993172946823985,1.8285092968657957,0.6524709197641225
