kernel,alpha1,alpha2,lambda,epsilon,train_score,valid_score,valid_std
polynomial,2.0,2.0,10.0,1.0,0.44457394917907644,0.6631612678796058,0.06552860319442094
