kernel,alpha1,alpha2,lambda,epsilon,train_score,valid_score,valid_std
circular,0.5,0.5,100.0,0.5,0.20360024228927828,1.0367336701312904,0.10752223342287937
