kernel,alpha1,alpha2,lambda,epsilon,train_score,valid_score,valid_std
rational_quadratic,10.0,10.0,10.0,0.5,0.1627887772765379,0.44155446502851736,0.05555534975848913
