kernel,alpha1,alpha2,lambda,epsilon,train_score,valid_score,valid_std
laplacian,1.0,1.0,100.0,1.0,0.6933845840786609,1.1862149861572342,0.07915798742757926
