kernel,alpha1,alpha2,lambda,epsilon,train_score,valid_score,valid_std
wave,1.0,1.0,10.0,1.0,28146.44524559392,28804.099533542576,2293.173021840715
