kernel,alpha1,alpha2,lambda,epsilon,train_score,valid_score,valid_std
log,5.0,5.0,100.0,1.0,0.5455137811588022,0.6675768564364872,0.047045487100184975
