kernel,alpha1,alpha2,lambda,epsilon,train_score,valid_score,valid_std
rational_quadratic,100.0,100.0,100.0,1.0,0.4734300346618682,0.5949853318142608,0.03250800292067804
