kernel,alpha1,alpha2,lambda,epsilon,train_score,valid_score,valid_std
spherical,1.0,1.0,100.0,2.0,2.188950440628223,2.2195163116881007,0.08412028257211526
