kernel,alpha1,alpha2,lambda,epsilon,train_score,valid_score,valid_std
spherical,1.0,1.0,10.0,2.0,2.188915683075745,2.219646003907125,0.07785775022277537
