kernel,alpha1,alpha2,lambda,epsilon,train_score,valid_score,valid_std
gaussian,0.5,0.5,1.0,1.0,0.7460610333570291,1.1568495077315535,0.03050615797432084
