kernel,alpha1,alpha2,lambda,epsilon,train_score,valid_score,valid_std
polynomial,2.0,2.0,10.0,0.5,0.17336900683547013,0.7644191837935284,0.1358114781844557
