kernel,alpha1,alpha2,lambda,epsilon,train_score,valid_score,valid_std
polynomial,5.0,5.0,100.0,1.0,0.4985621759784468,2.3358913640366143,1.6723455662883937
