kernel,alpha1,alpha2,lambda,epsilon,train_score,valid_score,valid_std
anova,1.0,1.0,1.0,0.5,0.20084057932724836,0.5871281356961469,0.06201497360997987
