kernel,alpha1,alpha2,lambda,epsilon,train_score,valid_score,valid_std
wave,5.0,5.0,10.0,1.0,158.3803393351161,193.62563351234556,63.905985738987894
