kernel,alpha1,alpha2,lambda,epsilon,train_score,valid_score,valid_std
power,2.2,2.2,100.0,1.0,31053715990.79549,31733501042.17335,1794909167.794079
