kernel,alpha1,alpha2,lambda,epsilon,train_score,valid_score,valid_std
anova,1.0,1.0,10.0,2.0,2.0775720903384807,2.0802699075347784,0.08319463507965306
