kernel,alpha1,alpha2,lambda,epsilon,train_score,valid_score,valid_std
polynomial,5.0,5.0,100.0,1.0,0.4989789628382152,1.8336812359909664,1.0455106787879416
