kernel,alpha1,alpha2,lambda,epsilon,train_score,valid_score,valid_std
inverse_multiquadratic,10.0,10.0,100.0,0.5,0.16223000620206923,0.35962197814052127,0.043914763476334655
