kernel,alpha1,alpha2,lambda,epsilon,train_score,valid_score,valid_std
anova,5.0,5.0,100.0,1.0,0.4253690281520239,0.5687131299520705,0.06439178497082453
