kernel,alpha1,alpha2,lambda,epsilon,train_score,valid_score,valid_std
laplacian,5.0,5.0,1.0,2.0,2.1176794295496926,2.126969966726192,0.07744826118238496
