kernel,alpha1,alpha2,lambda,epsilon,train_score,valid_score,valid_std
polynomial,5.0,5.0,100.0,2.0,1.935522191619415,1.944391033578934,0.0768303471258873
