kernel,alpha1,alpha2,lambda,epsilon,train_score,valid_score,valid_std
polynomial,5.0,5.0,1.0,1.0,0.4995018198158189,1.9020201645887684,1.0847368697671016
