kernel,alpha1,alpha2,lambda,epsilon,train_score,valid_score,valid_std
laplacian,1.0,1.0,10.0,0.5,0.20281842920813706,0.9903540192391862,0.10656585160775521
