kernel,alpha1,alpha2,lambda,epsilon,train_score,valid_score,valid_std
power,2.2,2.2,1.0,0.5,3107196.200858505,3151515.9283016967,263142.0856507365
