kernel,alpha1,alpha2,lambda,epsilon,train_score,valid_score,valid_std
anova,1.0,1.0,100.0,2.0,2.084062562628939,2.0872238760002513,0.0918637653194362
