kernel,alpha1,alpha2,lambda,epsilon,train_score,valid_score,valid_std
spherical,0.5,0.5,100.0,0.5,0.20360307826813742,1.037631399276486,0.08739904066133901
