kernel,alpha1,alpha2,lambda,epsilon,train_score,valid_score,valid_std
linear,0.0,0.0,10.0,2.0,1.8939340620893952,1.8951429460420766,0.1056910238078387
