kernel,alpha1,alpha2,lambda,epsilon,train_score,valid_score,valid_std
spherical,0.5,0.5,100.0,1.0,0.6931563844573578,1.2039652892086399,0.06905467836038362
