kernel,alpha1,alpha2,lambda,epsilon,train_score,valid_score,valid_std
anova,1.0,1.0,1.0,2.0,2.0800831344269533,2.083174075911405,0.07283545202821112
