kernel,alpha1,alpha2,lambda,epsilon,train_score,valid_score,valid_std
anova,5.0,5.0,100.0,2.0,2.120735042281267,2.1254263498941794,0.08229106242807027
