kernel,alpha1,alpha2,lambda,epsilon,train_score,valid_score,valid_std
wave,1.0,1.0,100.0,0.5,2807658.306624892,2973888.7216704614,240018.21789113007
