kernel,alpha1,alpha2,lambda,epsilon,train_score,valid_score,valid_std
polynomial,5.0,5.0,10.0,0.5,0.1570459587087692,4.2470818181228225,4.206330395588225
