kernel,alpha1,alpha2,lambda,epsilon,train_score,valid_score,valid_std
circular,5.0,5.0,1.0,0.5,5.961975498085629,3.0721205111642993,0.5631279890671815
