kernel,alpha1,alpha2,lambda,epsilon,train_score,valid_score,valid_std
polynomial,2.0,2.0,100.0,2.0,2.021778036699161,2.027493659862408,0.0959237046831808
