kernel,alpha1,alpha2,lambda,epsilon,train_score,valid_score,valid_std
wave,0.5,0.5,100.0,1.0,166659.6843988558,196459.80548982025,23177.159856232243
