kernel,alpha1,alpha2,lambda,epsilon,train_score,valid_score,valid_std
gaussian,5.0,5.0,1.0,1.0,0.5283406993339554,0.6616676148639329,0.061207023529604686
