kernel,alpha1,alpha2,lambda,epsilon,train_score,valid_score,valid_std
anova,1.0,1.0,100.0,0.5,0.22344981286527194,0.7220046418657861,0.08066473144389655
