kernel,alpha1,alpha2,lambda,epsilon,train_score,valid_score,valid_std
laplacian,0.5,0.5,100.0,2.0,3.6967744311192186,4.486448843396577,1.2786524567763686
