kernel,alpha1,alpha2,lambda,epsilon,train_score,valid_score,valid_std
anova,0.5,0.5,1.0,0.5,0.9907422428027578,1.0306452500055066,1.6378808967194805
