kernel,alpha1,alpha2,lambda,epsilon,train_score,valid_score,valid_std
wave,0.5,0.5,1.0,1.0,7.447559666961493,8.122872864498337,13.369002350908335
