kernel,alpha1,alpha2,lambda,epsilon,train_score,valid_score,valid_std
log,5.0,5.0,100.0,0.5,164.2587939451455,280.32718923433106,133.85056040893807
