kernel,alpha1,alpha2,lambda,epsilon,train_score,valid_score,valid_std
anova,1.0,1.0,1.0,2.0,2.2799038357270263,2.4900665489354945,1.525061834621633
