kernel,alpha1,alpha2,lambda,epsilon,train_score,valid_score,valid_std
polynomial,5.0,5.0,10.0,2.0,1.265394809353039,3.2559206119360695,1.5126503996295777
