kernel,alpha1,alpha2,lambda,epsilon,train_score,valid_score,valid_std
log,5.0,5.0,1.0,0.5,0.7740414244654301,1.1072385623185708,1.7391559733697821
