kernel,alpha1,alpha2,lambda,epsilon,train_score,valid_score,valid_std
power,2.0,2.0,100.0,0.5,1.0911144984381798,1.1249939462282201,1.8402868779463586
