kernel,alpha1,alpha2,lambda,epsilon,train_score,valid_score,valid_std
power,2.5,2.5,1.0,0.5,198001.37478121792,360752.94794308214,454920.8868225713
