kernel,alpha1,alpha2,lambda,epsilon,train_score,valid_score,valid_std
anova,0.5,0.5,100.0,2.0,2.0565125917992795,2.6964494962358767,2.278818551921036
