kernel,alpha1,alpha2,lambda,epsilon,train_score,valid_score,valid_std
anova,0.5,0.5,10.0,1.0,1.0614074520792935,1.3197423230325265,2.5521179330419335
