kernel,alpha1,alpha2,lambda,epsilon,train_score,valid_score,valid_std
multiquadratic,10.0,10.0,100.0,1.0,113137491.42831211,105395885.75036956,11674262.47607543
