kernel,alpha1,alpha2,lambda,epsilon,train_score,valid_score,valid_std
anova,1.0,1.0,1.0,1.0,1.0809295664723784,1.2312189892633212,1.5842438742616856
