kernel,alpha1,alpha2,lambda,epsilon,train_score,valid_score,valid_std
linear,0.0,0.0,10.0,0.5,1.0613435513690526,1.0614799258860317,1.6630321210253902
