kernel,alpha1,alpha2,lambda,epsilon,train_score,valid_score,valid_std
power,2.5,2.5,10.0,1.0,19872517.547722295,33054310.191462178,43384606.035553366
