kernel,alpha1,alpha2,lambda,epsilon,train_score,valid_score,valid_std
spherical,5.0,5.0,10.0,1.0,1.148067465843766,1.7195512407505784,1.6991785846610765
