kernel,alpha1,alpha2,lambda,epsilon,train_score,valid_score,valid_std
log,2.0,2.0,10.0,0.5,0.23534582576243324,1.277240197217597,1.623736553311407
