kernel,alpha1,alpha2,lambda,epsilon,train_score,valid_score,valid_std
gaussian,0.5,0.5,10.0,2.0,3.7369979227297563,4.443402968569423,1.3324781174528648
