kernel,alpha1,alpha2,lambda,epsilon,train_score,valid_score,valid_std
laplacian,0.5,0.5,10.0,2.0,3.736351763616534,4.449424327058805,1.3472208401641788
