kernel,alpha1,alpha2,lambda,epsilon,train_score,valid_score,valid_std
log,8.0,8.0,1.0,0.5,0.7906096700515081,1.2059096395176119,1.7171220032597767
