kernel,alpha1,alpha2,lambda,epsilon,train_score,valid_score,valid_std
wave,5.0,5.0,100.0,2.0,2.3543351630027547,2.4811313207476604,1.3330200459872976
