kernel,alpha1,alpha2,lambda,epsilon,train_score,valid_score,valid_std
chi_square,0.0,0.0,100.0,0.5,119675818421.86299,90553276761.1843,31835552848.851627
