kernel,alpha1,alpha2,lambda,epsilon,train_score,valid_score,valid_std
laplacian,5.0,5.0,10.0,1.0,1.2426608455449593,1.6321436947508918,1.530133125411861
