kernel,alpha1,alpha2,lambda,epsilon,train_score,valid_score,valid_std
anova,1.0,1.0,10.0,2.0,1.719625890467326,2.2927899396764495,1.537387488646562
