kernel,alpha1,alpha2,lambda,epsilon,train_score,valid_score,valid_std
wave,5.0,5.0,1.0,1.0,1.622179568667424,1.6336945900752209,1.582505593632472
