kernel,par,train_score,valid_score,valid_std
chi_square,0,12331831.066131372,8572458.782726917,4667522.227061576
