kernel,alpha1,alpha2,lambda,epsilon,train_score,valid_score,valid_std
rational_quadratic,100.0,100.0,100.0,2.0,1.6642430226806002,1.9454632972621915,1.5343208796089394
