kernel,alpha1,alpha2,lambda,epsilon,train_score,valid_score,valid_std
log,2.0,2.0,1.0,1.0,1.4017063619185666,1.6128493894680844,1.5540329878539916
