kernel,alpha1,alpha2,lambda,epsilon,train_score,valid_score,valid_std
circular,0.5,0.5,100.0,0.5,0.26793688231840884,1.1868976191656295,1.6805899883279805
