kernel,alpha1,alpha2,lambda,epsilon,train_score,valid_score,valid_std
power,2.5,2.5,100.0,1.0,1897482005.4364746,4560617915.7689905,5665332288.816386
