kernel,alpha1,alpha2,lambda,epsilon,train_score,valid_score,valid_std
polynomial,2.0,2.0,10.0,2.0,2.9565838843064136,16.110527508597034,9.149263107472128
