kernel,alpha1,alpha2,lambda,epsilon,train_score,valid_score,valid_std
laplacian,0.5,0.5,100.0,0.5,0.22550176457429094,1.194155163655947,1.6682781905216666
