kernel,alpha1,alpha2,lambda,epsilon,train_score,valid_score,valid_std
wave,1.0,1.0,100.0,2.0,3099685.314321271,3319242.7489774586,456198.7468528168
