kernel,alpha1,alpha2,lambda,epsilon,train_score,valid_score,valid_std
anova,1.0,1.0,10.0,1.0,1.0590463086666102,1.364398678582731,1.6677953790038116
