kernel,alpha1,alpha2,lambda,epsilon,train_score,valid_score,valid_std
linear,10.0,10.0,10.0,1.0,1.5940151335183947,1.6044677090590445,1.5738523900998624
