kernel,alpha1,alpha2,lambda,epsilon,train_score,valid_score,valid_std
anova,5.0,5.0,100.0,1.0,1.0057022532377504,1.8204186531548145,1.4976696255210764
