kernel,alpha1,alpha2,lambda,epsilon,train_score,valid_score,valid_std
gaussian,0.5,0.5,1.0,1.0,1.5113538272430387,1.6877931146067975,1.5794200436980477
