kernel,alpha1,alpha2,lambda,epsilon,train_score,valid_score,valid_std
anova,1.0,1.0,10.0,2.0,1.7257387837628826,2.420019561887213,1.7075471542001552
