kernel,alpha1,alpha2,lambda,epsilon,train_score,valid_score,valid_std
log,5.0,5.0,1.0,2.0,2.8584857575705196,3.0333787754637878,1.5758602023631174
