kernel,alpha1,alpha2,lambda,epsilon,train_score,valid_score,valid_std
log,2.0,2.0,10.0,1.0,0.5211760747993549,1.5160710353477245,1.612751790451665
