kernel,alpha1,alpha2,lambda,epsilon,train_score,valid_score,valid_std
linear,0.0,0.0,100.0,2.0,2.4130735530962495,2.5000565753251407,1.385424418728762
