kernel,alpha1,alpha2,lambda,epsilon,train_score,valid_score,valid_std
linear,100.0,100.0,100.0,0.5,1.0272750254824705,1.0797294823062038,1.6815252453922507
