kernel,alpha1,alpha2,lambda,epsilon,train_score,valid_score,valid_std
anova,0.5,0.5,10.0,2.0,1.8565600704522627,2.296323595395168,2.4027406755456475
