kernel,alpha1,alpha2,lambda,epsilon,train_score,valid_score,valid_std
polynomial,8.0,8.0,100.0,0.5,0.1836377242898044,25043.318510361314,75095.79253308057
