kernel,alpha1,alpha2,lambda,epsilon,train_score,valid_score,valid_std
linear,100.0,100.0,1.0,0.5,1.0789136904494576,1.0819802103206269,1.771406537549815
