kernel,alpha1,alpha2,lambda,epsilon,train_score,valid_score,valid_std
circular,0.5,0.5,10.0,1.0,0.9739871741717934,1.7735089025915287,1.5116644344030754
