kernel,alpha1,alpha2,lambda,epsilon,train_score,valid_score,valid_std
wave,0.5,0.5,1.0,0.5,32.91914030225375,41.355287023668595,5.146945451939184
