kernel,alpha1,alpha2,lambda,epsilon,train_score,valid_score,valid_std
anova,5.0,5.0,10.0,1.0,0.983171922374795,1.4937688593745098,1.503580217777476
