kernel,alpha1,alpha2,lambda,epsilon,train_score,valid_score,valid_std
gaussian,1.0,1.0,100.0,2.0,3.597621517937455,4.501455255007426,1.4347115259093852
