kernel,alpha1,alpha2,lambda,epsilon,train_score,valid_score,valid_std
gaussian,5.0,5.0,10.0,0.5,0.9458631113325102,1.0337458847591388,1.6776989990337312
