kernel,alpha1,alpha2,lambda,epsilon,train_score,valid_score,valid_std
anova,1.0,1.0,10.0,2.0,1.687583004424032,2.3034952702706315,1.558153797106095
