kernel,alpha1,alpha2,lambda,epsilon,train_score,valid_score,valid_std
gaussian,5.0,5.0,100.0,0.5,0.812589835221128,1.1809969850019455,1.801831024585989
