kernel,alpha1,alpha2,lambda,epsilon,train_score,valid_score,valid_std
circular,5.0,5.0,100.0,2.0,4679614.973511765,4103086.6744537316,747572.2232343475
