kernel,alpha1,alpha2,lambda,epsilon,train_score,valid_score,valid_std
spherical,5.0,5.0,100.0,0.5,0.175255599407534,1.2931063879648286,1.6862664079643317
