kernel,alpha1,alpha2,lambda,epsilon,train_score,valid_score,valid_std
rational_quadratic,10.0,10.0,100.0,1.0,0.41758708508590797,1.7437678314907674,1.7303807175273056
