kernel,alpha1,alpha2,lambda,epsilon,train_score,valid_score,valid_std
circular,1.0,1.0,10.0,1.0,0.9840717833441772,1.7764229260936428,2.145294564722044
