kernel,alpha1,alpha2,lambda,epsilon,train_score,valid_score,valid_std
polynomial,5.0,5.0,100.0,2.0,1.286872690603833,3.7559397855202157,2.0950565954499507
