kernel,alpha1,alpha2,lambda,epsilon,train_score,valid_score,valid_std
polynomial,5.0,5.0,10.0,1.0,0.5234808622988142,68.50350299247404,181.15473241459358
