kernel,alpha1,alpha2,lambda,epsilon,train_score,valid_score,valid_std
circular,5.0,5.0,10.0,0.5,46676.568004039305,40630.55690970526,6103.618020717071
