kernel,alpha1,alpha2,lambda,epsilon,train_score,valid_score,valid_std
spherical,1.0,1.0,10.0,0.5,0.3086679840816572,1.1763048125920192,1.810662814394451
