kernel,alpha1,alpha2,lambda,epsilon,train_score,valid_score,valid_std
chi_square,0.0,0.0,100.0,2.0,121451882022.78793,102006204312.95749,51025491572.93767
