kernel,alpha1,alpha2,lambda,epsilon,train_score,valid_score,valid_std
linear,0.0,0.0,10.0,1.0,1.5978876768285297,1.599767165095296,2.1657251337735883
