kernel,alpha1,alpha2,lambda,epsilon,train_score,valid_score,valid_std
polynomial,8.0,8.0,100.0,2.0,1.3298003948432375,3.9071732496786447,3.4349119158294523
