kernel,alpha1,alpha2,lambda,epsilon,train_score,valid_score,valid_std
spline,0.0,0.0,100.0,1.0,1.8241914960338257e+23,2.6565577450674294e+17,7.961168192353129e+17
