kernel,alpha1,alpha2,lambda,epsilon,train_score,valid_score,valid_std
gaussian,1.0,1.0,100.0,0.5,0.2168071163939192,1.3166641004941058,1.6673583187715406
