kernel,alpha1,alpha2,lambda,epsilon,train_score,valid_score,valid_std
circular,1.0,1.0,100.0,0.5,260.45707476124477,95.12472053169037,209.12206828319935
