kernel,alpha1,alpha2,lambda,epsilon,train_score,valid_score,valid_std
anova,5.0,5.0,10.0,2.0,1.7283960455673537,2.9842049969138094,1.4894611696896483
