kernel,alpha1,alpha2,lambda,epsilon,train_score,valid_score,valid_std
anova,5.0,5.0,1.0,2.0,1.8663162298152596,2.275949973352632,1.4601565364741431
