kernel,alpha1,alpha2,lambda,epsilon,train_score,valid_score,valid_std
anova,0.5,0.5,100.0,2.0,1.8827443772584656,2.6647140452737155,1.5018878860049587
