kernel,alpha1,alpha2,lambda,epsilon,train_score,valid_score,valid_std
polynomial,8.0,8.0,1.0,1.0,0.4893428066943198,3995.4738769609476,11962.617735625368
