kernel,alpha1,alpha2,lambda,epsilon,train_score,valid_score,valid_std
polynomial,8.0,8.0,10.0,0.5,0.18252188114084536,24295.38733096876,72840.57910010684
