kernel,alpha1,alpha2,lambda,epsilon,train_score,valid_score,valid_std
spherical,0.5,0.5,1.0,0.5,0.9208028616458931,1.1139027913655284,1.645728387199157
