kernel,alpha1,alpha2,lambda,epsilon,train_score,valid_score,valid_std
wave,1.0,1.0,10.0,1.0,30897.281264168472,33108.2903941178,3643.424760078677
