kernel,alpha1,alpha2,lambda,epsilon,train_score,valid_score,valid_std
power,2.5,2.5,1.0,2.0,197992.62891110618,334538.4748766251,471472.1505925401
