kernel,alpha1,alpha2,lambda,epsilon,train_score,valid_score,valid_std
spherical,0.5,0.5,10.0,2.0,3.7408007114390713,4.453387732732497,1.3516923923492703
