kernel,alpha1,alpha2,lambda,epsilon,train_score,valid_score,valid_std
polynomial,5.0,5.0,100.0,0.5,0.1618679807277945,123.79910832218738,349.7545635098006
