kernel,alpha1,alpha2,lambda,epsilon,train_score,valid_score,valid_std
anova,5.0,5.0,100.0,0.5,0.8941187086163378,1.3425969522582641,1.530620659084998
