kernel,alpha1,alpha2,lambda,epsilon,train_score,valid_score,valid_std
gaussian,0.5,0.5,100.0,1.0,0.906546455841573,1.8046109305743285,2.092016099578678
