kernel,alpha1,alpha2,lambda,epsilon,train_score,valid_score,valid_std
anova,1.0,1.0,1.0,2.0,2.3452869447651175,2.508947953635966,1.5239198419717659
