kernel,alpha1,alpha2,lambda,epsilon,train_score,valid_score,valid_std
spherical,5.0,5.0,100.0,1.0,0.7011064773121045,1.847724540496222,1.4894273555111326
