kernel,alpha1,alpha2,lambda,epsilon,train_score,valid_score,valid_std
anova,1.0,1.0,1.0,1.0,1.0837327930105263,1.24063502141833,1.7271308277590214
