kernel,alpha1,alpha2,lambda,epsilon,train_score,valid_score,valid_std
anova,0.5,0.5,1.0,2.0,2.5759874841468275,2.662658527299787,2.1626210188040735
