kernel,alpha1,alpha2,lambda,epsilon,train_score,valid_score,valid_std
log,8.0,8.0,10.0,1.0,3.005519177116818,4.914061041406489,4.230366769070857
