kernel,alpha1,alpha2,lambda,epsilon,train_score,valid_score,valid_std
laplacian,1.0,1.0,10.0,1.0,1.0145586388169985,1.7852825074098575,1.5071960465427938
