kernel,alpha1,alpha2,lambda,epsilon,train_score,valid_score,valid_std
power,2.2,2.2,10.0,1.0,212003.10143498768,294375.89611862,294953.1296773829
