kernel,alpha1,alpha2,lambda,epsilon,train_score,valid_score,valid_std
anova,1.0,1.0,100.0,2.0,1.9259375885989953,2.9760700668565,1.4175552925652752
