kernel,alpha1,alpha2,lambda,epsilon,train_score,valid_score,valid_std
anova,1.0,1.0,10.0,0.5,0.9454431149238761,1.118992013598088,1.7866123971019439
