kernel,alpha1,alpha2,lambda,epsilon,train_score,valid_score,valid_std
spherical,1.0,1.0,1.0,1.0,1.5102155692782222,1.6782634592603416,2.145551556009203
