kernel,alpha1,alpha2,lambda,epsilon,train_score,valid_score,valid_std
polynomial,8.0,8.0,100.0,0.5,0.17878930965136414,21820.91075692555,65423.2122791903
