kernel,alpha1,alpha2,lambda,epsilon,train_score,valid_score,valid_std
laplacian,0.5,0.5,10.0,0.5,0.3145464250469518,1.1768999672064484,1.6522740237232614
