kernel,alpha1,alpha2,lambda,epsilon,train_score,valid_score,valid_std
laplacian,1.0,1.0,100.0,1.0,0.8881715816132886,1.86138943630136,1.5801904545576313
