kernel,alpha1,alpha2,lambda,epsilon,train_score,valid_score,valid_std
log,5.0,5.0,100.0,1.0,73.30877842368308,156.915593160259,88.66702907994659
