kernel,alpha1,alpha2,lambda,epsilon,train_score,valid_score,valid_std
gaussian,0.5,0.5,100.0,2.0,3.69993189810067,4.473552713502233,1.3355357372277008
