kernel,alpha1,alpha2,lambda,epsilon,train_score,valid_score,valid_std
log,5.0,5.0,10.0,0.5,0.9424767853208145,1.9835017732984113,1.6142738199008189
