kernel,alpha1,alpha2,lambda,epsilon,train_score,valid_score,valid_std
anova,5.0,5.0,100.0,2.0,2.0081442993707177,4.3413713780481835,1.6093510365464667
