kernel,alpha1,alpha2,lambda,epsilon,train_score,valid_score,valid_std
linear,10.0,10.0,1.0,2.0,3.0251094912261633,3.1346816408985303,1.3519667015104286
