kernel,alpha1,alpha2,lambda,epsilon,train_score,valid_score,valid_std
spherical,5.0,5.0,1.0,1.0,1.5481784062350095,1.6569077131413372,1.586540879686245
