kernel,alpha1,alpha2,lambda,epsilon,train_score,valid_score,valid_std
power,2.0,2.0,1.0,1.0,1.5982887539492912,1.6082449210679735,2.150287623000978
