kernel,alpha1,alpha2,lambda,epsilon,train_score,valid_score,valid_std
anova,0.5,0.5,100.0,1.0,1.1004455225222813,1.463545535501733,1.6785645083568133
