kernel,alpha1,alpha2,lambda,epsilon,train_score,valid_score,valid_std
spherical,0.5,0.5,10.0,0.5,0.30896639885780147,1.1708639076174148,1.641704275411446
