kernel,alpha1,alpha2,lambda,epsilon,train_score,valid_score,valid_std
circular,1.0,1.0,100.0,2.0,3.695020076025635,4.453429427534207,1.3365492291185577
