kernel,alpha1,alpha2,lambda,epsilon,train_score,valid_score,valid_std
power,2.5,2.5,1.0,1.0,195248.62719581177,381333.070690894,468931.6495430954
