kernel,alpha1,alpha2,lambda,epsilon,train_score,valid_score,valid_std
polynomial,5.0,5.0,10.0,2.0,1.4171675325627433,7.523137083127639,13.872549577558503
