kernel,alpha1,alpha2,lambda,epsilon,train_score,valid_score,valid_std
anova,0.5,0.5,10.0,1.0,1.0655043297429596,1.3091721433441914,1.6868650546420447
