kernel,alpha1,alpha2,lambda,epsilon,train_score,valid_score,valid_std
wave,5.0,5.0,10.0,2.0,3.801336137803724,3.8310300395178514,1.334922715650162
