kernel,alpha1,alpha2,lambda,epsilon,train_score,valid_score,valid_std
circular,1.0,1.0,1.0,0.5,0.9547842398027353,1.122627741972909,1.6340855878576475
