kernel,alpha1,alpha2,lambda,epsilon,train_score,valid_score,valid_std
anova,5.0,5.0,10.0,2.0,1.7220504459993375,3.028622935799875,1.6195291413868713
