kernel,alpha1,alpha2,lambda,epsilon,train_score,valid_score,valid_std
gaussian,1.0,1.0,10.0,0.5,0.45098240849623644,1.2223051448837061,1.565432156970872
