kernel,alpha1,alpha2,lambda,epsilon,train_score,valid_score,valid_std
rational_quadratic,100.0,100.0,10.0,1.0,1.4131504662174135,1.4579008788565395,1.6191945035074171
