kernel,alpha1,alpha2,lambda,epsilon,train_score,valid_score,valid_std
laplacian,5.0,5.0,1.0,2.0,4.1454596717653445,4.193002923016808,1.4008402946512144
