kernel,alpha1,alpha2,lambda,epsilon,train_score,valid_score,valid_std
polynomial,5.0,5.0,100.0,1.0,0.5281819962857108,6.019639604551556,7.122408190301757
