kernel,alpha1,alpha2,lambda,epsilon,train_score,valid_score,valid_std
anova,5.0,5.0,1.0,2.0,1.8644552270810373,2.24209924003127,1.4648896444201307
