kernel,alpha1,alpha2,lambda,epsilon,train_score,valid_score,valid_std
polynomial,2.0,2.0,100.0,0.5,10.601300108189738,117.74932207331048,223.06341164791374
