kernel,alpha1,alpha2,lambda,epsilon,train_score,valid_score,valid_std
wave,0.5,0.5,10.0,1.0,3289.2745754670846,4052.4551017214917,661.1488555943225
