kernel,alpha1,alpha2,lambda,epsilon,train_score,valid_score,valid_std
wave,5.0,5.0,10.0,1.0,1.520471693117512,1.5456049417317375,1.5719800506959698
