kernel,alpha1,alpha2,lambda,epsilon,train_score,valid_score,valid_std
gaussian,5.0,5.0,10.0,1.0,1.2528826282851975,1.3538614369937552,1.5889904571427358
