kernel,alpha1,alpha2,lambda,epsilon,train_score,valid_score,valid_std
polynomial,8.0,8.0,10.0,1.0,0.46089409985391094,232.5147722232388,672.9995956748113
