kernel,alpha1,alpha2,lambda,epsilon,train_score,valid_score,valid_std
gaussian,5.0,5.0,1.0,1.0,1.5825921164654202,1.5894989650332727,1.5769164051247961
