kernel,alpha1,alpha2,lambda,epsilon,train_score,valid_score,valid_std
log,8.0,8.0,1.0,2.0,2.370347566548129,2.770502025769575,2.339032453880067
