kernel,alpha1,alpha2,lambda,epsilon,train_score,valid_score,valid_std
wave,1.0,1.0,10.0,0.5,31066.18403299473,33153.706927869396,5064.190780103102
