kernel,alpha1,alpha2,lambda,epsilon,train_score,valid_score,valid_std
anova,1.0,1.0,1.0,0.5,0.9688459861211435,1.0444924281595527,1.6937033749280335
