kernel,alpha1,alpha2,lambda,epsilon,train_score,valid_score,valid_std
anova,5.0,5.0,100.0,2.0,2.0229187620847737,3.962257095903207,1.518001789445053
