kernel,alpha1,alpha2,lambda,epsilon,train_score,valid_score,valid_std
circular,0.5,0.5,1.0,0.5,0.9222844106903418,1.1103127420350518,1.793198644512393
