kernel,alpha1,alpha2,lambda,epsilon,train_score,valid_score,valid_std
log,2.0,2.0,1.0,0.5,0.8418928262605119,1.1084276212226796,1.7433413872286654
