kernel,alpha1,alpha2,lambda,epsilon,train_score,valid_score,valid_std
linear,10.0,10.0,100.0,2.0,2.430011474559982,2.6927434909360803,1.5647189221114854
