kernel,alpha1,alpha2,lambda,epsilon,train_score,valid_score,valid_std
linear,100.0,100.0,1.0,1.0,1.6018050373113417,1.622617517273118,1.5824246609237214
