kernel,alpha1,alpha2,lambda,epsilon,train_score,valid_score,valid_std
log,2.0,2.0,100.0,0.5,0.12108188375446505,1.423608167814234,1.5562443616219552
