kernel,alpha1,alpha2,lambda,epsilon,train_score,valid_score,valid_std
multiquadratic,10.0,10.0,100.0,2.0,113862784.81167987,105541685.92386355,17998916.695327494
