kernel,alpha1,alpha2,lambda,epsilon,train_score,valid_score,valid_std
spherical,0.5,0.5,1.0,1.0,1.510567211320153,1.6930279492660865,1.6563991350582778
