kernel,alpha1,alpha2,lambda,epsilon,train_score,valid_score,valid_std
rational_quadratic,100.0,100.0,100.0,1.0,0.9950829746261448,1.2369826183122117,2.3140125958008166
