kernel,alpha1,alpha2,lambda,epsilon,train_score,valid_score,valid_std
circular,5.0,5.0,10.0,1.0,46508.74091326377,39577.555692280104,6665.970179786959
