kernel,alpha1,alpha2,lambda,epsilon,train_score,valid_score,valid_std
laplacian,5.0,5.0,10.0,0.5,0.6826213551743994,1.1341263853901933,1.6413216891266018
