kernel,alpha1,alpha2,lambda,epsilon,train_score,valid_score,valid_std
polynomial,8.0,8.0,10.0,1.0,0.46305618739384763,2853.2394514346256,8531.143754774237
