kernel,alpha1,alpha2,lambda,epsilon,train_score,valid_score,valid_std
circular,1.0,1.0,10.0,0.5,2.687614978257905,2.7667195122001136,2.8054481236130697
