kernel,alpha1,alpha2,lambda,epsilon,train_score,valid_score,valid_std
polynomial,8.0,8.0,10.0,2.0,1.2791716474222776,5.127586024232992,5.9174298995020616
