kernel,alpha1,alpha2,lambda,epsilon,train_score,valid_score,valid_std
spherical,0.5,0.5,100.0,0.5,0.22634962531890043,1.19534008402625,2.392872587976217
