kernel,alpha1,alpha2,lambda,epsilon,train_score,valid_score,valid_std
log,2.0,2.0,100.0,1.0,0.37369754031367747,1.6398267381922793,1.6224122560528085
