kernel,alpha1,alpha2,lambda,epsilon,train_score,valid_score,valid_std
power,2.2,2.2,1.0,2.0,2087.0873011270824,2726.2677677469665,2614.9192496108485
