kernel,alpha1,alpha2,lambda,epsilon,train_score,valid_score,valid_std
log,8.0,8.0,10.0,0.5,6.271487249560676,9.286996829109473,7.060186478555094
