kernel,alpha1,alpha2,lambda,epsilon,train_score,valid_score,valid_std
anova,1.0,1.0,1.0,1.0,1.089901010014275,1.2880291291931567,1.733301480167331
