kernel,alpha1,alpha2,lambda,epsilon,train_score,valid_score,valid_std
linear,0.0,0.0,100.0,0.5,1.0298029030576683,1.053924891794395,1.6264409411423124
