kernel,alpha1,alpha2,lambda,epsilon,train_score,valid_score,valid_std
power,2.0,2.0,10.0,0.5,1.0547688862657052,1.0567835158425518,1.707597275088841
