kernel,alpha1,alpha2,lambda,epsilon,train_score,valid_score,valid_std
spherical,0.5,0.5,100.0,1.0,0.910461344913538,1.7972315032878907,1.5266086484348398
