kernel,alpha1,alpha2,lambda,epsilon,train_score,valid_score,valid_std
log,2.0,2.0,100.0,2.0,1.3277825276883717,2.424337459852823,1.5586477878755531
