kernel,alpha1,alpha2,lambda,epsilon,train_score,valid_score,valid_std
spherical,1.0,1.0,100.0,1.0,0.9101383419889875,1.8062772442636277,1.5611362362991592
