kernel,alpha1,alpha2,lambda,epsilon,train_score,valid_score,valid_std
gaussian,1.0,1.0,10.0,1.0,1.081005990520026,1.7938369813463009,1.5373978143764542
