kernel,alpha1,alpha2,lambda,epsilon,train_score,valid_score,valid_std
anova,0.5,0.5,1.0,1.0,1.1229079870812,1.2013133742353406,1.5213605463855828
