kernel,alpha1,alpha2,lambda,epsilon,train_score,valid_score,valid_std
polynomial,8.0,8.0,100.0,1.0,0.46753147145048607,14.581306616203653,24.387415651884538
