kernel,alpha1,alpha2,lambda,epsilon,train_score,valid_score,valid_std
polynomial,8.0,8.0,100.0,2.0,1.1884506601882636,5.915776184704433,7.2692728754470295
