kernel,alpha1,alpha2,lambda,epsilon,train_score,valid_score,valid_std
spherical,1.0,1.0,100.0,0.5,0.2266933973789841,1.1758009228330257,1.6115887718960755
