kernel,alpha1,alpha2,lambda,epsilon,train_score,valid_score,valid_std
power,2.0,2.0,100.0,2.0,2.363660702145117,2.5157453373989,1.5182565881328018
