kernel,alpha1,alpha2,lambda,epsilon,train_score,valid_score,valid_std
linear,100.0,100.0,1.0,2.0,3.0136509299608676,3.117715127866495,1.3577763868897417
