kernel,alpha1,alpha2,lambda,epsilon,train_score,valid_score,valid_std
anova,1.0,1.0,100.0,1.0,1.1280384975231106,1.688237828253865,1.6851540452567022
