kernel,alpha1,alpha2,lambda,epsilon,train_score,valid_score,valid_std
anova,5.0,5.0,1.0,1.0,1.0070907864018845,1.3020984701676803,1.7789920861453212
