kernel,alpha1,alpha2,lambda,epsilon,train_score,valid_score,valid_std
power,2.2,2.2,10.0,2.0,219016.0410612584,270655.4160519627,245695.69187867182
