kernel,alpha1,alpha2,lambda,epsilon,train_score,valid_score,valid_std
anova,1.0,1.0,100.0,2.0,1.9125960437104048,3.010149746266677,1.648720685575188
