kernel,alpha1,alpha2,lambda,epsilon,train_score,valid_score,valid_std
spline,0.0,0.0,100.0,2.0,1.8241925863886997e+23,2.6556490470105744e+17,7.918640217328883e+17
