kernel,alpha1,alpha2,lambda,epsilon,train_score,valid_score,valid_std
power,2.2,2.2,100.0,2.0,21431256.997211132,26232729.371100478,21029631.90172658
