kernel,alpha1,alpha2,lambda,epsilon,train_score,valid_score,valid_std
gaussian,1.0,1.0,1.0,1.0,1.5355603460208243,1.6688411787179842,1.5356549764231142
