kernel,alpha1,alpha2,lambda,epsilon,train_score,valid_score,valid_std
multiquadratic,10.0,10.0,10.0,0.5,1141670.7143712093,1060679.7693836496,111703.01475872206
