kernel,alpha1,alpha2,lambda,epsilon,train_score,valid_score,valid_std
linear,100.0,100.0,100.0,2.0,2.4117405261181877,2.582502679404901,1.3344649233136654
