kernel,alpha1,alpha2,lambda,epsilon,train_score,valid_score,valid_std
circular,0.5,0.5,100.0,2.0,3.705969534456621,4.4839741017850345,1.341188144546436
