kernel,alpha1,alpha2,lambda,epsilon,train_score,valid_score,valid_std
circular,0.5,0.5,100.0,1.0,0.9098355716757961,1.7962694134332544,1.5171941592169222
