kernel,alpha1,alpha2,lambda,epsilon,train_score,valid_score,valid_std
log,5.0,5.0,100.0,2.0,35.23615787488984,58.55570347287394,41.46165094439753
