kernel,alpha1,alpha2,lambda,epsilon,train_score,valid_score,valid_std
laplacian,5.0,5.0,1.0,1.0,1.5712766581710238,1.6296335478103294,1.6635586753402252
