kernel,alpha1,alpha2,lambda,epsilon,train_score,valid_score,valid_std
chi_square,0.0,0.0,100.0,1.0,121233436930.14656,98089001490.51447,62361922983.91247
