kernel,alpha1,alpha2,lambda,epsilon,train_score,valid_score,valid_std
anova,5.0,5.0,10.0,0.5,0.8695250696594158,1.1586236180758775,1.6674137592451022
