kernel,alpha1,alpha2,lambda,epsilon,train_score,valid_score,valid_std
anova,0.5,0.5,1.0,1.0,1.1437399679143228,1.2291810444674434,1.631132151371508
