kernel,alpha1,alpha2,lambda,epsilon,train_score,valid_score,valid_std
laplacian,1.0,1.0,10.0,2.0,3.746250109353901,4.424767062340925,1.2716861691464245
