kernel,alpha1,alpha2,lambda,epsilon,train_score,valid_score,valid_std
anova,0.5,0.5,1.0,2.0,2.5401991236785753,2.6784154744573874,1.452604487131903
