kernel,alpha1,alpha2,lambda,epsilon,train_score,valid_score,valid_std
wave,1.0,1.0,100.0,1.0,3102149.4838823946,3345427.4301503664,444929.15053111524
