kernel,alpha1,alpha2,lambda,epsilon,train_score,valid_score,valid_std
laplacian,5.0,5.0,100.0,2.0,1.6397399687962768,2.6973662147095148,1.5656317495555323
