kernel,alpha1,alpha2,lambda,epsilon,train_score,valid_score,valid_std
linear,100.0,100.0,10.0,2.0,2.346049924743717,2.484494847751202,1.4260218994168075
