kernel,alpha1,alpha2,lambda,epsilon,train_score,valid_score,valid_std
linear,10.0,10.0,10.0,0.5,1.0593919506975726,1.0668176122832356,1.6448658103602638
