kernel,alpha1,alpha2,lambda,epsilon,train_score,valid_score,valid_std
laplacian,5.0,5.0,10.0,2.0,3.277033134729146,3.5686421389071454,2.0831978015432626
