kernel,alpha1,alpha2,lambda,epsilon,train_score,valid_score,valid_std
laplacian,1.0,1.0,10.0,0.5,0.36649496762601513,1.198405881785723,1.6835982678222843
