kernel,alpha1,alpha2,lambda,epsilon,train_score,valid_score,valid_std
polynomial,8.0,8.0,100.0,1.0,0.49140948282247365,370.97968083398,1085.6652875408906
