kernel,alpha1,alpha2,lambda,epsilon,train_score,valid_score,valid_std
anova,5.0,5.0,10.0,1.0,0.9678181362741276,1.5918141062877065,1.568114450176818
