kernel,alpha1,alpha2,lambda,epsilon,train_score,valid_score,valid_std
polynomial,8.0,8.0,100.0,2.0,1.3140331157408034,6.42898510101594,6.8253280009827035
