kernel,alpha1,alpha2,lambda,epsilon,train_score,valid_score,valid_std
gaussian,5.0,5.0,10.0,2.0,3.2118075363545224,3.300259666021804,1.4050559558823106
