kernel,alpha1,alpha2,lambda,epsilon,train_score,valid_score,valid_std
gaussian,0.5,0.5,100.0,0.5,0.22583102863460686,1.1894013267018404,1.654674828675292
