kernel,alpha1,alpha2,lambda,epsilon,train_score,valid_score,valid_std
linear,0.0,0.0,1.0,1.0,1.59978009201574,1.6202154449609245,1.5920632462732562
