kernel,alpha1,alpha2,lambda,epsilon,train_score,valid_score,valid_std
wave,5.0,5.0,100.0,1.0,1.1065095468975295,1.235145877918377,1.5640950887217833
