kernel,alpha1,alpha2,lambda,epsilon,train_score,valid_score,valid_std
circular,0.5,0.5,1.0,1.0,1.5103358151008224,1.682232396201798,1.5630218252992827
