kernel,alpha1,alpha2,lambda,epsilon,train_score,valid_score,valid_std
power,2.2,2.2,100.0,0.5,21858326.396295533,29425353.92053651,27991825.98772225
