kernel,alpha1,alpha2,lambda,epsilon,train_score,valid_score,valid_std
polynomial,5.0,5.0,1.0,0.5,0.16232929838691978,8.350572842605818,15.253711018433577
