kernel,alpha1,alpha2,lambda,epsilon,train_score,valid_score,valid_std
anova,1.0,1.0,100.0,1.0,1.1052185212778096,1.6175563909093014,1.6004522159888295
