kernel,alpha1,alpha2,lambda,epsilon,train_score,valid_score,valid_std
circular,1.0,1.0,1.0,1.0,1.513574103970776,1.6763330843106892,1.5742952250428675
