kernel,alpha1,alpha2,lambda,epsilon,train_score,valid_score,valid_std
anova,0.5,0.5,100.0,2.0,1.864221268126456,2.5949647577542474,1.6410871961164615
