kernel,alpha1,alpha2,lambda,epsilon,train_score,valid_score,valid_std
polynomial,2.0,2.0,100.0,1.0,5.480042879014555,389.17599028074903,1055.4718005860898
