kernel,alpha1,alpha2,lambda,epsilon,train_score,valid_score,valid_std
anova,0.5,0.5,100.0,1.0,1.097023646939737,1.4404470150619146,1.592291708593967
