kernel,alpha1,alpha2,lambda,epsilon,train_score,valid_score,valid_std
wave,1.0,1.0,100.0,0.5,3121140.4244152894,3370555.293613036,364487.4380153747
