kernel,alpha1,alpha2,lambda,epsilon,train_score,valid_score,valid_std
circular,1.0,1.0,10.0,2.0,3.7305166211170153,4.418303858035395,1.3333298826190012
