kernel,alpha1,alpha2,lambda,epsilon,train_score,valid_score,valid_std
wave,0.5,0.5,100.0,0.5,329770.8994576959,407048.9756101677,59315.38810976089
