kernel,alpha1,alpha2,lambda,epsilon,train_score,valid_score,valid_std
laplacian,5.0,5.0,1.0,0.5,1.0184486284794418,1.0867419777917051,1.792888734360198
