kernel,alpha1,alpha2,lambda,epsilon,train_score,valid_score,valid_std
polynomial,8.0,8.0,1.0,2.0,1.2389670344587382,3.6582957417312736,3.4338206698683655
