kernel,alpha1,alpha2,lambda,epsilon,train_score,valid_score,valid_std
linear,100.0,100.0,100.0,2.0,0.5384487796881657,0.5460187469770137,0.09075238524937292
