kernel,alpha1,alpha2,lambda,epsilon,train_score,valid_score,valid_std
polynomial,2.0,2.0,10.0,0.5,1.7173787969183898,1.9435733106770539,1.2551461345889905
