kernel,alpha1,alpha2,lambda,epsilon,train_score,valid_score,valid_std
rational_quadratic,100.0,100.0,1.0,1.0,0.4155848725891075,0.42770814195294643,0.1051200200363993
