kernel,alpha1,alpha2,lambda,epsilon,train_score,valid_score,valid_std
laplacian,0.5,0.5,10.0,2.0,0.8469164684013798,0.9279567338873564,0.12716000648748227
