kernel,alpha1,alpha2,lambda,epsilon,train_score,valid_score,valid_std
circular,5.0,5.0,1.0,0.5,2622.5323081878864,2388.6809247597757,431.4782944646656
