kernel,alpha1,alpha2,lambda,epsilon,train_score,valid_score,valid_std
spline,0.0,0.0,100.0,1.0,3421289334.8208666,1808132386.363277,2017583196.6258142
