kernel,alpha1,alpha2,lambda,epsilon,train_score,valid_score,valid_std
laplacian,0.5,0.5,10.0,0.5,0.13974071427466966,0.44443757014141944,0.1000141095920067
