kernel,alpha1,alpha2,lambda,epsilon,train_score,valid_score,valid_std
log,5.0,5.0,1.0,1.0,15.098775473902052,12.128868536247904,2.411980670713995
