kernel,alpha1,alpha2,lambda,epsilon,train_score,valid_score,valid_std
rational_quadratic,100.0,100.0,100.0,0.5,0.3053966772511093,0.3978090705591693,0.060859643030877465
