kernel,par,train_score,valid_score,valid_std
vovks_infinite_polynomial,0,286103372418.13654,342469276421.40656,744369080199.9357
