kernel,alpha1,alpha2,lambda,epsilon,train_score,valid_score,valid_std
gaussian,5.0,5.0,1.0,2.0,0.5701324871717585,0.5775625652820274,0.10895566134827375
