kernel,alpha1,alpha2,lambda,epsilon,train_score,valid_score,valid_std
polynomial,2.0,2.0,10.0,0.5,1.72275052681803,1.6016883000958764,0.43493781878237636
