kernel,alpha1,alpha2,lambda,epsilon,train_score,valid_score,valid_std
anova,1.0,1.0,10.0,2.0,0.590094077677383,0.6373686489613211,0.08321238944474951
