kernel,alpha1,alpha2,lambda,epsilon,train_score,valid_score,valid_std
power,2.5,2.5,10.0,0.5,20872670.338883635,20153030.53308491,4879497.164998221
