kernel,alpha1,alpha2,lambda,epsilon,train_score,valid_score,valid_std
polynomial,2.0,2.0,1.0,2.0,0.858992211789702,0.9872490451806474,0.14274660528118213
