kernel,alpha1,alpha2,lambda,epsilon,train_score,valid_score,valid_std
anova,5.0,5.0,100.0,1.0,0.4487127951381328,0.7180390084648642,0.13654351888097901
