kernel,alpha1,alpha2,lambda,epsilon,train_score,valid_score,valid_std
wave,5.0,5.0,10.0,0.5,0.3914415321454454,0.4121542901745773,0.10600072114283847
