kernel,alpha1,alpha2,lambda,epsilon,train_score,valid_score,valid_std
spherical,5.0,5.0,100.0,0.5,0.130432718892381,0.37008062710194967,0.09744666337508576
