kernel,alpha1,alpha2,lambda,epsilon,train_score,valid_score,valid_std
power,2.5,2.5,1.0,2.0,209001.84838813884,202631.3851274136,40717.90809798002
