kernel,alpha1,alpha2,lambda,epsilon,train_score,valid_score,valid_std
anova,1.0,1.0,10.0,1.0,0.3864410489326726,0.49796230668381647,0.07275149015488679
