kernel,alpha1,alpha2,lambda,epsilon,train_score,valid_score,valid_std
gaussian,5.0,5.0,10.0,2.0,0.5385058018307116,0.5594027414119752,0.14821402547357387
