kernel,alpha1,alpha2,lambda,epsilon,train_score,valid_score,valid_std
log,8.0,8.0,10.0,0.5,10838.247671122748,9462.441321032544,3332.5691285965086
