kernel,alpha1,alpha2,lambda,epsilon,train_score,valid_score,valid_std
spherical,5.0,5.0,10.0,0.5,0.1299143635446581,0.3907380782131535,0.09226491259925912
