kernel,alpha1,alpha2,lambda,epsilon,train_score,valid_score,valid_std
linear,10.0,10.0,10.0,2.0,0.5446543663397349,0.5666641502461778,0.09811106387081003
