kernel,alpha1,alpha2,lambda,epsilon,train_score,valid_score,valid_std
anova,0.5,0.5,1.0,1.0,0.3874274554536384,0.44751996773400726,0.08615268863874961
