kernel,alpha1,alpha2,lambda,epsilon,train_score,valid_score,valid_std
log,2.0,2.0,100.0,2.0,0.6189649551424686,0.649007831507806,0.08536759770869395
