kernel,alpha1,alpha2,lambda,epsilon,train_score,valid_score,valid_std
spherical,5.0,5.0,10.0,2.0,0.6476178500729042,0.6731754963353156,0.08628593794803746
