kernel,alpha1,alpha2,lambda,epsilon,train_score,valid_score,valid_std
power,2.2,2.2,1.0,2.0,10512.898678972892,10203.16218968269,1838.6502393635124
