kernel,alpha1,alpha2,lambda,epsilon,train_score,valid_score,valid_std
gaussian,0.5,0.5,100.0,0.5,0.1444017827827516,0.49502141676935246,0.0947523988242548
