kernel,alpha1,alpha2,lambda,epsilon,train_score,valid_score,valid_std
power,2.2,2.2,100.0,0.5,105558363.20728791,103183430.84321728,19154696.26922052
