kernel,alpha1,alpha2,lambda,epsilon,train_score,valid_score,valid_std
circular,0.5,0.5,100.0,1.0,92664.73448010162,87235.5090787446,26386.706895071155
