kernel,alpha1,alpha2,lambda,epsilon,train_score,valid_score,valid_std
laplacian,5.0,5.0,10.0,2.0,0.6270122301662482,0.6510749337866797,0.07051830362775222
