kernel,alpha1,alpha2,lambda,epsilon,train_score,valid_score,valid_std
laplacian,0.5,0.5,100.0,2.0,0.8471232359616125,0.9292169831258562,0.0659584348745045
