kernel,alpha1,alpha2,lambda,epsilon,train_score,valid_score,valid_std
linear,100.0,100.0,1.0,2.0,0.5354776901025875,0.5519967048631583,0.08972614010872139
