kernel,alpha1,alpha2,lambda,epsilon,train_score,valid_score,valid_std
laplacian,0.5,0.5,1.0,2.0,0.8455617502693598,0.9285170159470002,0.09548160885216894
