kernel,alpha1,alpha2,lambda,epsilon,train_score,valid_score,valid_std
gaussian,5.0,5.0,1.0,1.0,0.4002672901371797,0.416241610294448,0.08581397616367192
