kernel,alpha1,alpha2,lambda,epsilon,train_score,valid_score,valid_std
anova,0.5,0.5,100.0,2.0,0.5892927535063913,0.6497520898439035,0.08723432075574265
