kernel,alpha1,alpha2,lambda,epsilon,train_score,valid_score,valid_std
gaussian,1.0,1.0,1.0,1.0,0.3424118345546587,0.4655797649636536,0.07862082472944279
