kernel,alpha1,alpha2,lambda,epsilon,train_score,valid_score,valid_std
laplacian,5.0,5.0,100.0,0.5,0.13023386556239996,0.3793845296792929,0.07410792433856461
