kernel,alpha1,alpha2,lambda,epsilon,train_score,valid_score,valid_std
wave,0.5,0.5,100.0,2.0,1684715.7295879624,1755602.1715686254,272740.36361194326
