kernel,alpha1,alpha2,lambda,epsilon,train_score,valid_score,valid_std
linear,0.0,0.0,10.0,0.5,0.4277404644572367,0.435149079291953,0.08741919132235731
