kernel,alpha1,alpha2,lambda,epsilon,train_score,valid_score,valid_std
laplacian,5.0,5.0,10.0,0.5,0.13271793070798718,0.3590450870914882,0.05326724192539272
