kernel,alpha1,alpha2,lambda,epsilon,train_score,valid_score,valid_std
wave,1.0,1.0,10.0,0.5,238.11080813719008,280.3791028048124,117.66141680019797
