kernel,alpha1,alpha2,lambda,epsilon,train_score,valid_score,valid_std
rational_quadratic,10.0,10.0,100.0,0.5,0.16104902558256304,0.46807663981603237,0.10120561972523244
