kernel,alpha1,alpha2,lambda,epsilon,train_score,valid_score,valid_std
power,2.5,2.5,100.0,2.0,2086683430.4352791,2003073075.3644764,442366376.13139755
