kernel,alpha1,alpha2,lambda,epsilon,train_score,valid_score,valid_std
laplacian,1.0,1.0,100.0,0.5,0.1308120928681191,0.36783928953652534,0.0833084668296833
