kernel,alpha1,alpha2,lambda,epsilon,train_score,valid_score,valid_std
circular,1.0,1.0,1.0,2.0,39.444287987036304,30.187667771856194,30.023315392451675
