kernel,alpha1,alpha2,lambda,epsilon,train_score,valid_score,valid_std
polynomial,2.0,2.0,100.0,1.0,2.7298019999291148,3.0272028609008874,1.2364269206880367
