kernel,alpha1,alpha2,lambda,epsilon,train_score,valid_score,valid_std
power,2.5,2.5,100.0,0.5,2078628965.7716422,2011654461.1236215,414993040.7203785
