kernel,alpha1,alpha2,lambda,epsilon,train_score,valid_score,valid_std
polynomial,2.0,2.0,100.0,2.0,1.0827499908823497,1.1633234225176532,0.3045238514143361
