kernel,alpha1,alpha2,lambda,epsilon,train_score,valid_score,valid_std
wave,0.5,0.5,10.0,2.0,16848.444398869113,17641.011142542,2225.7414831134797
