kernel,alpha1,alpha2,lambda,epsilon,train_score,valid_score,valid_std
rational_quadratic,10.0,10.0,10.0,0.5,0.21321352767485982,0.38248554996633094,0.08178159803357697
