kernel,alpha1,alpha2,lambda,epsilon,train_score,valid_score,valid_std
linear,10.0,10.0,1.0,0.5,0.423727401055802,0.43057495801312873,0.1003743704906289
