kernel,alpha1,alpha2,lambda,epsilon,train_score,valid_score,valid_std
anova,0.5,0.5,10.0,1.0,0.3889995339869272,0.49259955458278454,0.10762841147889497
