kernel,alpha1,alpha2,lambda,epsilon,train_score,valid_score,valid_std
log,8.0,8.0,100.0,1.0,1121862.8713697884,938795.5556266777,252810.58691616156
