kernel,alpha1,alpha2,lambda,epsilon,train_score,valid_score,valid_std
polynomial,8.0,8.0,10.0,0.5,2121710.3687838847,164978612.5460134,245198019.82967588
