kernel,alpha1,alpha2,lambda,epsilon,train_score,valid_score,valid_std
gaussian,1.0,1.0,1.0,0.5,0.22422457252250672,0.3858562709537579,0.06636895319005849
