kernel,alpha1,alpha2,lambda,epsilon,train_score,valid_score,valid_std
linear,0.0,0.0,100.0,0.5,0.734964960646902,0.7261622271995546,0.1336717789838723
