kernel,alpha1,alpha2,lambda,epsilon,train_score,valid_score,valid_std
laplacian,5.0,5.0,1.0,2.0,0.6062234588564719,0.6221133130592172,0.11480268236466944
