kernel,alpha1,alpha2,lambda,epsilon,train_score,valid_score,valid_std
linear,0.0,0.0,1.0,1.0,0.4355607635913808,0.4558044976471091,0.147522638529687
