kernel,alpha1,alpha2,lambda,epsilon,train_score,valid_score,valid_std
linear,0.0,0.0,100.0,2.0,0.5312397632759802,0.544091356792403,0.1085153296694469
