kernel,alpha1,alpha2,lambda,epsilon,train_score,valid_score,valid_std
rational_quadratic,100.0,100.0,10.0,1.0,0.38682664587969473,0.41812915878174356,0.11127406942321315
