kernel,alpha1,alpha2,lambda,epsilon,train_score,valid_score,valid_std
anova,0.5,0.5,100.0,0.5,0.4304531618652108,0.5592043455309413,0.17127282554945988
