kernel,alpha1,alpha2,lambda,epsilon,train_score,valid_score,valid_std
anova,5.0,5.0,10.0,0.5,0.3096338642290892,0.4794982403451454,0.08240628693396933
