kernel,alpha1,alpha2,lambda,epsilon,train_score,valid_score,valid_std
spherical,5.0,5.0,1.0,0.5,0.23144436233547236,0.3723083618498252,0.09078290286663038
