kernel,alpha1,alpha2,lambda,epsilon,train_score,valid_score,valid_std
spherical,0.5,0.5,10.0,1.0,0.46613123999605455,0.9085264476765339,0.10170620514014758
