kernel,alpha1,alpha2,lambda,epsilon,train_score,valid_score,valid_std
polynomial,2.0,2.0,100.0,2.0,1.1252704619946146,1.175473667410738,0.2004916428183156
