kernel,alpha1,alpha2,lambda,epsilon,train_score,valid_score,valid_std
polynomial,8.0,8.0,100.0,1.0,1031259.7311125718,7384917.848735036,12539782.255254386
