kernel,alpha1,alpha2,lambda,epsilon,train_score,valid_score,valid_std
anova,5.0,5.0,10.0,1.0,0.39925783161706263,0.5664539148074764,0.11643769013554726
