kernel,alpha1,alpha2,lambda,epsilon,train_score,valid_score,valid_std
wave,0.5,0.5,10.0,1.0,16935.638119889798,17895.31718951838,1577.797647520273
