kernel,alpha1,alpha2,lambda,epsilon,train_score,valid_score,valid_std
circular,5.0,5.0,1.0,1.0,2658.1998087360143,2211.6291777610977,372.08291381198404
