kernel,alpha1,alpha2,lambda,epsilon,train_score,valid_score,valid_std
polynomial,2.0,2.0,10.0,0.5,1.8092691895244861,1.6389404761041777,0.5790145926528237
