kernel,alpha1,alpha2,lambda,epsilon,train_score,valid_score,valid_std
polynomial,2.0,2.0,10.0,1.0,1.2638245263556427,1.331454522432763,0.4413349158066454
