kernel,alpha1,alpha2,lambda,epsilon,train_score,valid_score,valid_std
rational_quadratic,10.0,10.0,100.0,1.0,0.3186687372995472,0.45892967498489823,0.07041744690773219
