kernel,alpha1,alpha2,lambda,epsilon,train_score,valid_score,valid_std
wave,1.0,1.0,1.0,2.0,0.6893456863889358,0.7400161482156944,0.13941969789533756
