kernel,alpha1,alpha2,lambda,epsilon,train_score,valid_score,valid_std
laplacian,1.0,1.0,1.0,2.0,0.7568175983718614,0.8007380762177011,0.11371586232070773
