kernel,alpha1,alpha2,lambda,epsilon,train_score,valid_score,valid_std
polynomial,8.0,8.0,10.0,1.0,1946118.3626057946,10441750.024004228,19870046.596444387
