kernel,alpha1,alpha2,lambda,epsilon,train_score,valid_score,valid_std
anova,1.0,1.0,100.0,1.0,0.4420390191942075,0.5634058401969126,0.111308579269355
