kernel,alpha1,alpha2,lambda,epsilon,train_score,valid_score,valid_std
polynomial,2.0,2.0,10.0,2.0,0.875930990221868,0.9624963451902667,0.21763123648802457
