kernel,alpha1,alpha2,lambda,epsilon,train_score,valid_score,valid_std
linear,0.0,0.0,1.0,2.0,0.5311610169042014,0.547926873717558,0.04692664317796516
