kernel,alpha1,alpha2,lambda,epsilon,train_score,valid_score,valid_std
gaussian,0.5,0.5,100.0,2.0,0.861311957414164,0.94037855848409,0.07032677414701702
