kernel,alpha1,alpha2,lambda,epsilon,train_score,valid_score,valid_std
polynomial,2.0,2.0,1.0,1.0,0.7172251024091372,0.7701583454225108,0.19858510969218993
