kernel,alpha1,alpha2,lambda,epsilon,train_score,valid_score,valid_std
laplacian,0.5,0.5,1.0,1.0,0.3979410583013583,0.6037850794180855,0.09891904797936144
