kernel,alpha1,alpha2,lambda,epsilon,train_score,valid_score,valid_std
spline,0.0,0.0,10.0,1.0,34549310.39902781,19192049.867497444,25130933.78783697
