kernel,alpha1,alpha2,lambda,epsilon,train_score,valid_score,valid_std
laplacian,5.0,5.0,100.0,2.0,0.6257633605277735,0.6546287785520303,0.07673585921192277
