kernel,alpha1,alpha2,lambda,epsilon,train_score,valid_score,valid_std
gaussian,5.0,5.0,1.0,0.5,0.37763089375912356,0.39502040422929563,0.09568604146489522
