kernel,alpha1,alpha2,lambda,epsilon,train_score,valid_score,valid_std
log,5.0,5.0,10.0,0.5,1444.2183743171522,1097.034214498754,333.60140525861704
