kernel,alpha1,alpha2,lambda,epsilon,train_score,valid_score,valid_std
anova,1.0,1.0,1.0,1.0,0.38492089952979613,0.46259462830927556,0.08406502896091403
