kernel,alpha1,alpha2,lambda,epsilon,train_score,valid_score,valid_std
polynomial,5.0,5.0,10.0,2.0,0.8790698229030646,2.8506493313859833,1.9968053638057761
