kernel,alpha1,alpha2,lambda,epsilon,train_score,valid_score,valid_std
power,2.0,2.0,100.0,1.0,0.781713820744905,0.7446161192127628,0.22977196727793894
