kernel,alpha1,alpha2,lambda,epsilon,train_score,valid_score,valid_std
power,2.2,2.2,100.0,2.0,105155260.1388929,103547926.76170717,13197613.583112536
