kernel,alpha1,alpha2,lambda,epsilon,train_score,valid_score,valid_std
circular,5.0,5.0,100.0,1.0,25902045.65381066,24791334.21075906,5251105.365716009
