kernel,alpha1,alpha2,lambda,epsilon,train_score,valid_score,valid_std
wave,0.5,0.5,1.0,2.0,165.409085685913,176.6650294751035,27.65794448542587
