kernel,alpha1,alpha2,lambda,epsilon,train_score,valid_score,valid_std
wave,5.0,5.0,1.0,1.0,0.4392757797706636,0.4514199171912983,0.10460484474160096
