kernel,alpha1,alpha2,lambda,epsilon,train_score,valid_score,valid_std
circular,5.0,5.0,1.0,2.0,2648.7177068204605,2268.8620099560585,563.0959732860803
