kernel,alpha1,alpha2,lambda,epsilon,train_score,valid_score,valid_std
gaussian,1.0,1.0,10.0,2.0,0.7672461680641525,0.8148191508170619,0.10091696840962504
