kernel,alpha1,alpha2,lambda,epsilon,train_score,valid_score,valid_std
anova,5.0,5.0,10.0,2.0,0.7031300922154393,0.7421626080784599,0.08583763756762144
