kernel,alpha1,alpha2,lambda,epsilon,train_score,valid_score,valid_std
gaussian,0.5,0.5,1.0,1.0,0.41632486082811343,0.6430793875714838,0.1464671793509588
