kernel,alpha1,alpha2,lambda,epsilon,train_score,valid_score,valid_std
circular,1.0,1.0,100.0,1.0,820659.9289277651,604517.3712464252,121718.21310410828
