kernel,alpha1,alpha2,lambda,epsilon,train_score,valid_score,valid_std
log,5.0,5.0,1.0,2.0,0.5362748238968988,0.5622682644393492,0.09670958554593673
