kernel,alpha1,alpha2,lambda,epsilon,train_score,valid_score,valid_std
polynomial,2.0,2.0,100.0,1.0,2.5878864904721324,2.716960851405154,1.3188004403595368
