kernel,alpha1,alpha2,lambda,epsilon,train_score,valid_score,valid_std
linear,10.0,10.0,100.0,2.0,0.5332180624455336,0.5566153864409383,0.17222750375036258
