kernel,alpha1,alpha2,lambda,epsilon,train_score,valid_score,valid_std
log,8.0,8.0,1.0,0.5,116.0656125886615,93.6684908934661,20.375662442184918
