kernel,alpha1,alpha2,lambda,epsilon,train_score,valid_score,valid_std
anova,5.0,5.0,1.0,2.0,0.700851420605376,0.7504808638656837,0.06095861896234595
