kernel,alpha1,alpha2,lambda,epsilon,train_score,valid_score,valid_std
spherical,5.0,5.0,100.0,2.0,0.6467929282198144,0.6779780663909061,0.05162353633772744
