kernel,alpha1,alpha2,lambda,epsilon,train_score,valid_score,valid_std
gaussian,0.5,0.5,10.0,2.0,0.861642226385387,0.9436058171272148,0.11941349075216608
