kernel,alpha1,alpha2,lambda,epsilon,train_score,valid_score,valid_std
laplacian,5.0,5.0,100.0,1.0,0.2956265074098109,0.4174335221842528,0.08938507965056232
