kernel,alpha1,alpha2,lambda,epsilon,train_score,valid_score,valid_std
linear,10.0,10.0,100.0,0.5,0.6879693227463605,0.682151382508016,0.16579173035699557
