kernel,alpha1,alpha2,lambda,epsilon,train_score,valid_score,valid_std
wave,0.5,0.5,100.0,1.0,1674878.4278109777,1663466.5525360503,173108.19684422962
