kernel,alpha1,alpha2,lambda,epsilon,train_score,valid_score,valid_std
wave,0.5,0.5,10.0,0.5,16983.285308432074,17395.14709399401,2017.4680376866186
