kernel,alpha1,alpha2,lambda,epsilon,train_score,valid_score,valid_std
laplacian,1.0,1.0,100.0,2.0,0.7600879640378367,0.8055495098582611,0.0971549342515102
