kernel,alpha1,alpha2,lambda,epsilon,train_score,valid_score,valid_std
spherical,1.0,1.0,1.0,1.0,0.4826402706118896,0.7684591033920449,0.10758975772554306
