kernel,alpha1,alpha2,lambda,epsilon,train_score,valid_score,valid_std
laplacian,5.0,5.0,10.0,1.0,0.29497895259091683,0.4199347349943068,0.05008295441181613
