kernel,alpha1,alpha2,lambda,epsilon,train_score,valid_score,valid_std
linear,10.0,10.0,100.0,1.0,0.5116092248153272,0.49962006367860806,0.12070859100885532
