kernel,alpha1,alpha2,lambda,epsilon,train_score,valid_score,valid_std
anova,1.0,1.0,100.0,2.0,0.5804900737763137,0.6101964570454358,0.0831770691927001
