kernel,alpha1,alpha2,lambda,epsilon,train_score,valid_score,valid_std
wave,1.0,1.0,100.0,1.0,23507.689565995515,28334.206644279697,9511.15697931549
