kernel,alpha1,alpha2,lambda,epsilon,train_score,valid_score,valid_std
power,2.2,2.2,1.0,0.5,10605.43649083222,10437.82217768445,1650.3128905031235
