kernel,alpha1,alpha2,lambda,epsilon,train_score,valid_score,valid_std
gaussian,1.0,1.0,10.0,1.0,0.3214082712675216,0.45744377046175977,0.09369996614256178
