kernel,alpha1,alpha2,lambda,epsilon,train_score,valid_score,valid_std
spherical,0.5,0.5,1.0,2.0,0.8987426056037406,1.0235842772790142,0.12349901652132148
