kernel,alpha1,alpha2,lambda,epsilon,train_score,valid_score,valid_std
gaussian,1.0,1.0,1.0,2.0,0.7629709775900133,0.8032179638850234,0.08999795438233518
