kernel,alpha1,alpha2,lambda,epsilon,train_score,valid_score,valid_std
spherical,1.0,1.0,100.0,1.0,0.431534090307398,0.761338156187911,0.06616136769100218
