kernel,alpha1,alpha2,lambda,epsilon,train_score,valid_score,valid_std
gaussian,5.0,5.0,10.0,1.0,0.38674374822963403,0.43132824434141953,0.10890678856492646
