kernel,alpha1,alpha2,lambda,epsilon,train_score,valid_score,valid_std
polynomial,2.0,2.0,10.0,2.0,0.9048960180815339,1.0278589912285059,0.24629270819684404
