kernel,alpha1,alpha2,lambda,epsilon,train_score,valid_score,valid_std
wave,1.0,1.0,100.0,2.0,23516.269889953495,28265.410614715307,7538.346190901948
