kernel,alpha1,alpha2,lambda,epsilon,train_score,valid_score,valid_std
log,8.0,8.0,1.0,2.0,0.5885213019905351,0.6232421916100304,0.14281830805743506
