kernel,alpha1,alpha2,lambda,epsilon,train_score,valid_score,valid_std
log,2.0,2.0,10.0,1.0,0.2991804443607221,0.4261216099049623,0.06342665739616686
