kernel,alpha1,alpha2,lambda,epsilon,train_score,valid_score,valid_std
rational_quadratic,100.0,100.0,100.0,1.0,0.35217401170182133,0.42621912646399573,0.059850553033365964
