kernel,alpha1,alpha2,lambda,epsilon,train_score,valid_score,valid_std
spherical,0.5,0.5,100.0,2.0,0.8993195252527565,1.0292461922252374,0.1553551928396878
