kernel,alpha1,alpha2,lambda,epsilon,train_score,valid_score,valid_std
anova,1.0,1.0,1.0,2.0,0.5815335147677697,0.609495344597781,0.11093458795146374
