kernel,alpha1,alpha2,lambda,epsilon,train_score,valid_score,valid_std
gaussian,1.0,1.0,100.0,2.0,0.7659927530732531,0.8089554580826871,0.14435995262067555
