kernel,alpha1,alpha2,lambda,epsilon,train_score,valid_score,valid_std
wave,5.0,5.0,1.0,0.5,0.4122038019719071,0.4204398372349907,0.07401483938340729
