kernel,alpha1,alpha2,lambda,epsilon,train_score,valid_score,valid_std
polynomial,5.0,5.0,100.0,1.0,32.38379150017285,319.12403155595086,295.3783931556863
