kernel,alpha1,alpha2,lambda,epsilon,train_score,valid_score,valid_std
laplacian,1.0,1.0,10.0,2.0,0.7612195507480177,0.8052312228254094,0.12493123319840103
