kernel,alpha1,alpha2,lambda,epsilon,train_score,valid_score,valid_std
anova,5.0,5.0,1.0,1.0,0.3887634203780181,0.4937431804148704,0.0493425887776315
