kernel,alpha1,alpha2,lambda,epsilon,train_score,valid_score,valid_std
anova,5.0,5.0,100.0,1.0,0.44155189822903196,0.694152338274762,0.10751803662120273
