kernel,alpha1,alpha2,lambda,epsilon,train_score,valid_score,valid_std
power,2.0,2.0,10.0,1.0,0.4356212164558242,0.449615686784073,0.07571770108084039
