kernel,alpha1,alpha2,lambda,epsilon,train_score,valid_score,valid_std
circular,5.0,5.0,100.0,0.5,26412688.96270095,24406784.481356893,6102938.367227388
