kernel,alpha1,alpha2,lambda,epsilon,train_score,valid_score,valid_std
wave,1.0,1.0,10.0,2.0,201.08086365931314,226.9168163887792,101.79085055567353
