kernel,alpha1,alpha2,lambda,epsilon,train_score,valid_score,valid_std
log,5.0,5.0,10.0,1.0,1462.1032324452244,1222.8668895286949,269.3440851959272
