kernel,alpha1,alpha2,lambda,epsilon,train_score,valid_score,valid_std
log,2.0,2.0,100.0,0.5,0.1341683358600259,0.4035295074276311,0.0855678293909407
