kernel,alpha1,alpha2,lambda,epsilon,train_score,valid_score,valid_std
spline,0.0,0.0,10.0,0.5,34695236.38723411,14227054.016923452,18282156.110864166
