kernel,alpha1,alpha2,lambda,epsilon,train_score,valid_score,valid_std
power,2.5,2.5,10.0,2.0,20911233.596143857,20232199.724057168,4384128.851227346
