kernel,alpha1,alpha2,lambda,epsilon,train_score,valid_score,valid_std
anova,1.0,1.0,10.0,1.0,0.38747870013709595,0.4971303698023717,0.09961641055650643
