kernel,alpha1,alpha2,lambda,epsilon,train_score,valid_score,valid_std
power,2.2,2.2,100.0,1.0,105640812.69988827,104353073.77389303,16871307.570360564
