kernel,alpha1,alpha2,lambda,epsilon,train_score,valid_score,valid_std
rational_quadratic,10.0,10.0,100.0,2.0,0.5550716849929695,0.5776359158734812,0.10466965666705204
