kernel,alpha1,alpha2,lambda,epsilon,train_score,valid_score,valid_std
gaussian,5.0,5.0,100.0,1.0,0.34842319023012286,0.4274730443926654,0.1020075044823583
