kernel,alpha1,alpha2,lambda,epsilon,train_score,valid_score,valid_std
circular,1.0,1.0,100.0,0.5,849726.1530305564,702363.0797889197,170355.93270200706
