kernel,alpha1,alpha2,lambda,epsilon,train_score,valid_score,valid_std
wave,5.0,5.0,1.0,2.0,0.6191651571620255,0.6287379379309214,0.08913508333058275
