kernel,alpha1,alpha2,lambda,epsilon,train_score,valid_score,valid_std
anova,1.0,1.0,10.0,2.0,0.5767505274161084,0.6268479251710081,0.18262600676104596
