kernel,alpha1,alpha2,lambda,epsilon,train_score,valid_score,valid_std
polynomial,2.0,2.0,100.0,1.0,2.993708694638574,2.630847010809797,1.5846557690724976
