kernel,alpha1,alpha2,lambda,epsilon,train_score,valid_score,valid_std
power,2.2,2.2,10.0,1.0,1051920.6060496958,1027994.4990492256,192640.62226275285
