kernel,alpha1,alpha2,lambda,epsilon,train_score,valid_score,valid_std
circular,0.5,0.5,100.0,2.0,0.868256571195228,0.9847482257707908,0.13871078713051221
