kernel,alpha1,alpha2,lambda,epsilon,train_score,valid_score,valid_std
power,2.5,2.5,1.0,0.5,208081.59619147851,201270.14025757473,28488.34575196276
