kernel,alpha1,alpha2,lambda,epsilon,train_score,valid_score,valid_std
circular,1.0,1.0,10.0,2.0,4575.031085527155,4147.1753763599845,3475.1557011280515
