kernel,alpha1,alpha2,lambda,epsilon,train_score,valid_score,valid_std
anova,0.5,0.5,10.0,0.5,0.3468103256829159,0.4206048763103176,0.07894030707613804
