kernel,alpha1,alpha2,lambda,epsilon,train_score,valid_score,valid_std
polynomial,5.0,5.0,1.0,1.0,22.542547801297477,293.33014169071447,511.16870020709666
