kernel,alpha1,alpha2,lambda,epsilon,train_score,valid_score,valid_std
spline,0.0,0.0,1.0,1.0,336307.92844849185,186997.27087340577,201290.37842437375
