kernel,alpha1,alpha2,lambda,epsilon,train_score,valid_score,valid_std
spline,0.0,0.0,100.0,2.0,3233763981.2850494,1929378457.039185,1992431657.6155846
