kernel,alpha1,alpha2,lambda,epsilon,train_score,valid_score,valid_std
spline,0.0,0.0,10.0,2.0,32047453.98860965,20938508.02188028,33223371.068220135
