kernel,alpha1,alpha2,lambda,epsilon,train_score,valid_score,valid_std
spherical,1.0,1.0,100.0,2.0,0.8856261434247902,0.9927089938750727,0.1615880592760288
