kernel,alpha1,alpha2,lambda,epsilon,train_score,valid_score,valid_std
log,5.0,5.0,100.0,1.0,163643.1115238857,137062.08038771088,35484.84417721772
