kernel,alpha1,alpha2,lambda,epsilon,train_score,valid_score,valid_std
spline,0.0,0.0,1.0,2.0,319209.4610046148,184766.27215479128,221090.01380648068
