kernel,alpha1,alpha2,lambda,epsilon,train_score,valid_score,valid_std
rational_quadratic,1.0,1.0,100.0,0.5,0.13254722830974836,0.37842897943067927,0.06854633520605752
