kernel,alpha1,alpha2,lambda,epsilon,train_score,valid_score,valid_std
gaussian,5.0,5.0,100.0,2.0,0.5767609568074519,0.6423634654569842,0.14295063550920944
