kernel,alpha1,alpha2,lambda,epsilon,train_score,valid_score,valid_std
anova,5.0,5.0,10.0,2.0,0.6948345593092808,0.7408736094837292,0.08633317415894806
