kernel,alpha1,alpha2,lambda,epsilon,train_score,valid_score,valid_std
anova,0.5,0.5,100.0,2.0,0.5831364361594401,0.6262747495218622,0.10169933232268406
