kernel,alpha1,alpha2,lambda,epsilon,train_score,valid_score,valid_std
gaussian,0.5,0.5,1.0,0.5,0.2089603434636531,0.5130644578263974,0.09551973088753264
