kernel,alpha1,alpha2,lambda,epsilon,train_score,valid_score,valid_std
gaussian,1.0,1.0,10.0,0.5,0.14987686879569972,0.43076320090397535,0.10347645378927642
