kernel,alpha1,alpha2,lambda,epsilon,train_score,valid_score,valid_std
anova,5.0,5.0,100.0,2.0,0.7054601907824521,0.7404477201378793,0.08785902791655825
