kernel,alpha1,alpha2,lambda,epsilon,train_score,valid_score,valid_std
rational_quadratic,100.0,100.0,100.0,2.0,0.5734873957225417,0.6144965090813738,0.11967836147078205
