kernel,alpha1,alpha2,lambda,epsilon,train_score,valid_score,valid_std
circular,1.0,1.0,100.0,2.0,515095.75935196027,387680.2099912585,334568.958591989
