kernel,alpha1,alpha2,lambda,epsilon,train_score,valid_score,valid_std
polynomial,2.0,2.0,1.0,2.0,0.8517284757041521,0.9515146488228273,0.22301295853669148
