kernel,alpha1,alpha2,lambda,epsilon,train_score,valid_score,valid_std
laplacian,5.0,5.0,1.0,1.0,0.3428991486446702,0.40692572866371757,0.08807739541331504
