kernel,alpha1,alpha2,lambda,epsilon,train_score,valid_score,valid_std
wave,5.0,5.0,100.0,2.0,0.5579040591816757,0.5920164429200756,0.15271841651207657
