kernel,alpha1,alpha2,lambda,epsilon,train_score,valid_score,valid_std
laplacian,0.5,0.5,1.0,0.5,0.18709288315613865,0.4775137220375717,0.07148008239752263
