kernel,alpha1,alpha2,lambda,epsilon,train_score,valid_score,valid_std
log,5.0,5.0,1.0,0.5,16.401394963441714,12.51475073102327,4.105096124325384
