kernel,alpha1,alpha2,lambda,epsilon,train_score,valid_score,valid_std
power,2.2,2.2,10.0,0.5,1053215.015795806,1029521.3806495039,158738.7144749534
