kernel,alpha1,alpha2,lambda,epsilon,train_score,valid_score,valid_std
anova,1.0,1.0,100.0,0.5,0.420395874229105,0.552846702685557,0.10710318108631256
