kernel,alpha1,alpha2,lambda,epsilon,train_score,valid_score,valid_std
spherical,1.0,1.0,10.0,0.5,0.15682063299648424,0.6246117633677264,0.18938154405235832
