kernel,alpha1,alpha2,lambda,epsilon,train_score,valid_score,valid_std
wave,5.0,5.0,100.0,1.0,0.40545071695831875,0.4333921775674191,0.08743340701604926
