kernel,alpha1,alpha2,lambda,epsilon,train_score,valid_score,valid_std
anova,1.0,1.0,10.0,0.5,0.3397065779535343,0.42979783149829826,0.10376575583531364
