kernel,alpha1,alpha2,lambda,epsilon,train_score,valid_score,valid_std
log,8.0,8.0,100.0,0.5,1024604.7691248329,806521.7646780475,170137.66559738875
