kernel,alpha1,alpha2,lambda,epsilon,train_score,valid_score,valid_std
anova,0.5,0.5,1.0,2.0,0.5430341734026263,0.5804350743468545,0.11081902607610096
