kernel,par,train_score,valid_score,valid_std
chi_square,0,108715333.70661037,83149363.9865084,31263521.182438716
