kernel,alpha1,alpha2,lambda,epsilon,train_score,valid_score,valid_std
gaussian,5.0,5.0,10.0,0.5,0.34374054341021576,0.38980878038612715,0.07858025675595998
