kernel,alpha1,alpha2,lambda,epsilon,train_score,valid_score,valid_std
wave,1.0,1.0,10.0,1.0,233.28773634419608,279.28903120557516,112.26428385976563
