kernel,alpha1,alpha2,lambda,epsilon,train_score,valid_score,valid_std
gaussian,1.0,1.0,100.0,1.0,0.3205239684652588,0.45889889909537923,0.07014623833798944
