kernel,alpha1,alpha2,lambda,epsilon,train_score,valid_score,valid_std
circular,5.0,5.0,100.0,2.0,26218880.138303906,23885881.60693533,3592293.7594576995
