kernel,alpha1,alpha2,lambda,epsilon,train_score,valid_score,valid_std
power,2.5,2.5,100.0,1.0,2094232900.957084,2002839414.3194065,480669240.85673046
