kernel,alpha1,alpha2,lambda,epsilon,train_score,valid_score,valid_std
power,2.2,2.2,1.0,1.0,10537.714345407148,10283.814512287801,2600.7995620840766
