kernel,alpha1,alpha2,lambda,epsilon,train_score,valid_score,valid_std
spherical,0.5,0.5,10.0,0.5,0.17250083548652895,0.8472848796004386,0.2011864824653447
