kernel,alpha1,alpha2,lambda,epsilon,train_score,valid_score,valid_std
polynomial,2.0,2.0,10.0,1.0,1.115238109297539,1.1353733717210337,0.4169212513344638
