kernel,alpha1,alpha2,lambda,epsilon,train_score,valid_score,valid_std
polynomial,2.0,2.0,100.0,2.0,1.0921914746969592,1.2942975244007455,0.5956861751602653
