kernel,alpha1,alpha2,lambda,epsilon,train_score,valid_score,valid_std
anova,0.5,0.5,1.0,0.5,0.3541666078944908,0.4168610322597627,0.07139015106415593
