kernel,alpha1,alpha2,lambda,epsilon,train_score,valid_score,valid_std
wave,5.0,5.0,100.0,0.5,0.3746209592241962,0.4123658027005743,0.09170708402910169
