kernel,alpha1,alpha2,lambda,epsilon,train_score,valid_score,valid_std
polynomial,5.0,5.0,1.0,1.0,27.175329338583822,125.66940452546446,128.83972336780556
