kernel,alpha1,alpha2,lambda,epsilon,train_score,valid_score,valid_std
log,8.0,8.0,100.0,2.0,800861.9625760654,695009.3336880712,421975.8097074297
