kernel,alpha1,alpha2,lambda,epsilon,train_score,valid_score,valid_std
linear,10.0,10.0,1.0,0.5,0.8872549019607844,0.7411764705882353,0.06935191836795053
