kernel,alpha1,alpha2,lambda,epsilon,train_score,valid_score,valid_std
wave,0.5,0.5,100.0,0.5,0.972549019607843,0.17058823529411765,0.07058823529411765
