kernel,alpha1,alpha2,lambda,epsilon,train_score,valid_score,valid_std
hyperbolic_tangent,5.0,5.0,100.0,0.5,0.04738562091503268,0.029411764705882353,0.026306682088232818
