kernel,alpha1,alpha2,lambda,epsilon,train_score,valid_score,valid_std
anova,0.5,0.5,10.0,0.5,0.99640522875817,0.6911764705882354,0.04603669365440742
