kernel,alpha1,alpha2,lambda,epsilon,train_score,valid_score,valid_std
hyperbolic_tangent,1.0,1.0,100.0,0.5,0.12516339869281046,0.08529411764705883,0.04823888078487273
