kernel,alpha1,alpha2,lambda,epsilon,train_score,valid_score,valid_std
laplacian,1.0,1.0,1.0,0.5,0.9862745098039216,0.6147058823529411,0.06764705882352942
