kernel,alpha1,alpha2,lambda,epsilon,train_score,valid_score,valid_std
log,8.0,8.0,1.0,0.5,0.8581699346405228,0.6764705882352942,0.08422247684280205
