kernel,alpha1,alpha2,lambda,epsilon,train_score,valid_score,valid_std
power,2.5,2.5,100.0,0.5,0.7754901960784313,0.611764705882353,0.09825466522641217
