kernel,alpha1,alpha2,lambda,epsilon,train_score,valid_score,valid_std
spherical,5.0,5.0,1.0,0.5,0.8839869281045752,0.6647058823529413,0.0823529411764706
