kernel,alpha1,alpha2,lambda,epsilon,train_score,valid_score,valid_std
rational_quadratic,100.0,100.0,100.0,0.5,0.9173202614379086,0.7352941176470589,0.06576670522058202
