kernel,alpha1,alpha2,lambda,epsilon,train_score,valid_score,valid_std
power,2.0,2.0,10.0,0.5,0.9764705882352942,0.7588235294117647,0.08086898285216186
