kernel,alpha1,alpha2,lambda,epsilon,train_score,valid_score,valid_std
wave,5.0,5.0,100.0,0.5,0.9019607843137255,0.7411764705882353,0.04886249331128275
