kernel,alpha1,alpha2,lambda,epsilon,train_score,valid_score,valid_std
hyperbolic_tangent,5.0,5.0,100.0,0.5,0.12058823529411766,0.07352941176470588,0.030138090488116467
