kernel,alpha1,alpha2,lambda,epsilon,train_score,valid_score,valid_std
hyperbolic_tangent,5.0,5.0,10.0,0.5,0.04803921568627451,0.038235294117647055,0.02955845770917909
