kernel,alpha1,alpha2,lambda,epsilon,train_score,valid_score,valid_std
spline,0.0,0.0,1.0,0.5,0.4258169934640522,0.21470588235294116,0.13090713578981109
