kernel,alpha1,alpha2,lambda,epsilon,train_score,valid_score,valid_std
hyperbolic_tangent,5.0,5.0,100.0,0.5,0.1173202614379085,0.09411764705882354,0.052283496572444646
