kernel,alpha1,alpha2,lambda,epsilon,train_score,valid_score,valid_std
hyperbolic_tangent,1.0,1.0,10.0,0.5,0.07222222222222222,0.061764705882352944,0.040434491426080944
