kernel,alpha1,alpha2,lambda,epsilon,train_score,valid_score,valid_std
circular,0.5,0.5,1.0,0.5,0.9813725490196079,0.07058823529411765,0.03989605872426629
