kernel,alpha1,alpha2,lambda,epsilon,train_score,valid_score,valid_std
hyperbolic_tangent,1.0,1.0,100.0,0.5,0.04803921568627451,0.01764705882352941,0.023529411764705882
