kernel,alpha1,alpha2,lambda,epsilon,train_score,valid_score,valid_std
circular,0.5,0.5,100.0,0.5,0.9807189542483661,0.07058823529411765,0.04594264515239208
