kernel,alpha1,alpha2,lambda,epsilon,train_score,valid_score,valid_std
hyperbolic_tangent,1.0,1.0,10.0,0.5,0.047058823529411764,0.047058823529411764,0.029994232432898733
