kernel,alpha1,alpha2,lambda,epsilon,train_score,valid_score,valid_std
multiquadratic,1.0,1.0,10.0,0.5,0.0029411764705882353,0.0029411764705882353,0.008823529411764706
