kernel,alpha1,alpha2,lambda,epsilon,train_score,valid_score,valid_std
linear,10.0,10.0,10.0,0.5,0.9640522875816993,0.7470588235294118,0.06197443384031019
