kernel,alpha1,alpha2,lambda,epsilon,train_score,valid_score,valid_std
hyperbolic_tangent,0.5,0.5,100.0,0.5,0.047058823529411764,0.047058823529411764,0.023529411764705882
