kernel,alpha1,alpha2,lambda,epsilon,train_score,valid_score,valid_std
log,2.0,2.0,1.0,0.5,0.9549019607843137,0.7029411764705882,0.05800906742151771
