kernel,par,train_score,valid_score,valid_std
chi_square,0,0.000980392156862745,0.0058823529411764705,0.011764705882352941
