kernel,alpha1,alpha2,lambda,epsilon,train_score,valid_score,valid_std
rational_quadratic,10.0,10.0,100.0,0.5,0.9983660130718954,0.7117647058823531,0.06416889479197475
