kernel,alpha1,alpha2,lambda,epsilon,train_score,valid_score,valid_std
log,5.0,5.0,10.0,0.5,0.9401960784313725,0.6794117647058824,0.07376433061167324
