kernel,alpha1,alpha2,lambda,epsilon,train_score,valid_score,valid_std
log,5.0,5.0,100.0,0.5,0.9539215686274509,0.6647058823529413,0.07347056468703998
