kernel,alpha1,alpha2,lambda,epsilon,train_score,valid_score,valid_std
power,2.2,2.2,1.0,0.5,0.8366013071895425,0.7117647058823529,0.09282196375329116
