kernel,alpha1,alpha2,lambda,epsilon,train_score,valid_score,valid_std
hyperbolic_tangent,5.0,5.0,10.0,0.5,0.11209150326797386,0.07941176470588236,0.029558457709179094
