kernel,alpha1,alpha2,lambda,epsilon,train_score,valid_score,valid_std
wave,0.5,0.5,1.0,0.5,0.5598039215686275,0.1323529411764706,0.051365438813449946
