kernel,par,train_score,valid_score,valid_std
spline,0,0.4516339869281046,0.21176470588235294,0.10256232808330996
