kernel,alpha1,alpha2,lambda,epsilon,train_score,valid_score,valid_std
hyperbolic_tangent,0.5,0.5,1.0,0.5,0.048039215686274506,0.023529411764705882,0.02564058202082749
