kernel,alpha1,alpha2,lambda,epsilon,train_score,valid_score,valid_std
hyperbolic_tangent,1.0,1.0,100.0,0.5,0.09705882352941177,0.058823529411764705,0.04159451654038515
