kernel,alpha1,alpha2,lambda,epsilon,train_score,valid_score,valid_std
chi_square,0.0,0.0,100.0,0.5,0.0006535947712418301,0.0029411764705882353,0.008823529411764706
