kernel,alpha1,alpha2,lambda,epsilon,train_score,valid_score,valid_std
linear,100.0,100.0,10.0,0.5,0.9643790849673202,0.7147058823529412,0.07446464059513035
