kernel,alpha1,alpha2,lambda,epsilon,train_score,valid_score,valid_std
circular,0.5,0.5,10.0,0.5,0.9813725490196079,0.08823529411764706,0.04159451654038515
