kernel,alpha1,alpha2,lambda,epsilon,train_score,valid_score,valid_std
power,2.2,2.2,10.0,0.5,0.8519607843137255,0.7058823529411764,0.13087409094874697
