kernel,alpha1,alpha2,lambda,epsilon,train_score,valid_score,valid_std
power,2.5,2.5,1.0,0.5,0.7339869281045752,0.6205882352941176,0.07720238087298051
