kernel,alpha1,alpha2,lambda,epsilon,train_score,valid_score,valid_std
log,8.0,8.0,100.0,0.5,0.9111111111111112,0.6147058823529412,0.06369531714031683
