kernel,alpha1,alpha2,lambda,epsilon,train_score,valid_score,valid_std
log,8.0,8.0,10.0,0.5,0.8983660130718955,0.6470588235294118,0.08524339262464377
