kernel,alpha1,alpha2,lambda,epsilon,train_score,valid_score,valid_std
spline,0.0,0.0,10.0,0.5,0.42189542483660125,0.17352941176470588,0.07720238087298052
