kernel,alpha1,alpha2,lambda,epsilon,train_score,valid_score,valid_std
wave,0.5,0.5,10.0,0.5,0.9284313725490196,0.18823529411764706,0.06859943405700354
