kernel,alpha1,alpha2,lambda,epsilon,train_score,valid_score,valid_std
hyperbolic_tangent,1.0,1.0,1.0,0.5,0.062091503267973844,0.026470588235294117,0.020588235294117643
