kernel,alpha1,alpha2,lambda,epsilon,train_score,valid_score,valid_std
power,2.5,2.5,10.0,0.5,0.7767973856209149,0.6264705882352941,0.07561741254224967
