kernel,alpha1,alpha2,lambda,epsilon,train_score,valid_score,valid_std
circular,1.0,1.0,1.0,0.5,0.7637254901960784,0.3411764705882353,0.04956558690103739
