kernel,alpha1,alpha2,lambda,epsilon,train_score,valid_score,valid_std
wave,1.0,1.0,1.0,0.5,0.792483660130719,0.5647058823529412,0.08998269729869622
