kernel,alpha1,alpha2,lambda,epsilon,train_score,valid_score,valid_std
wave,1.0,1.0,10.0,0.5,0.9633986928104574,0.6205882352941177,0.05800906742151772
