kernel,alpha1,alpha2,lambda,epsilon,train_score,valid_score,valid_std
spherical,5.0,5.0,1.0,0.5,0.9624338624338623,0.8619047619047618,0.09391944249198104
