kernel,alpha1,alpha2,lambda,epsilon,train_score,valid_score,valid_std
rational_quadratic,100.0,100.0,1.0,0.5,0.8994708994708995,0.8523809523809524,0.09147320339189782
