kernel,alpha1,alpha2,lambda,epsilon,train_score,valid_score,valid_std
polynomial,2.0,2.0,1.0,0.5,0.9941798941798942,0.8761904761904761,0.060982135594598544
