kernel,alpha1,alpha2,lambda,epsilon,train_score,valid_score,valid_std
hyperbolic_tangent,0.5,0.5,10.0,0.5,0.15343915343915343,0.047619047619047616,0.030116930096841705
