kernel,alpha1,alpha2,lambda,epsilon,train_score,valid_score,valid_std
rational_quadratic,100.0,100.0,10.0,0.5,0.9349206349206349,0.8857142857142858,0.08024904545882248
