kernel,alpha1,alpha2,lambda,epsilon,train_score,valid_score,valid_std
log,8.0,8.0,1.0,0.5,0.9539682539682539,0.8619047619047618,0.06546536707079773
