kernel,alpha1,alpha2,lambda,epsilon,train_score,valid_score,valid_std
wave,1.0,1.0,10.0,0.5,0.908994708994709,0.7095238095238094,0.07514158970504525
