kernel,alpha1,alpha2,lambda,epsilon,train_score,valid_score,valid_std
circular,1.0,1.0,10.0,0.5,0.919047619047619,0.6047619047619047,0.10443672475933956
