kernel,alpha1,alpha2,lambda,epsilon,train_score,valid_score,valid_std
multiquadratic,1.0,1.0,10.0,0.5,0.000529100529100529,0.0047619047619047615,0.014285714285714285
