kernel,alpha1,alpha2,lambda,epsilon,train_score,valid_score,valid_std
wave,1.0,1.0,100.0,0.5,0.9603174603174602,0.6619047619047619,0.09147320339189784
