kernel,alpha1,alpha2,lambda,epsilon,train_score,valid_score,valid_std
gaussian,5.0,5.0,10.0,0.5,0.9433862433862433,0.8904761904761905,0.060421797811664395
