kernel,alpha1,alpha2,lambda,epsilon,train_score,valid_score,valid_std
chi_square,0.0,0.0,1.0,0.5,0.025925925925925925,0.047619047619047616,0.04761904761904761
