kernel,alpha1,alpha2,lambda,epsilon,train_score,valid_score,valid_std
chi_square,0.0,0.0,10.0,0.5,0.02275132275132275,0.019047619047619046,0.02332847374079217
