kernel,alpha1,alpha2,lambda,epsilon,train_score,valid_score,valid_std
circular,5.0,5.0,10.0,0.5,0.16878306878306876,0.12857142857142856,0.06751165180360869
