kernel,alpha1,alpha2,lambda,epsilon,train_score,valid_score,valid_std
wave,5.0,5.0,100.0,0.5,0.9534391534391535,0.9047619047619048,0.08518354199999198
