kernel,alpha1,alpha2,lambda,epsilon,train_score,valid_score,valid_std
linear,0.0,0.0,100.0,0.5,0.9883597883597883,0.8904761904761905,0.060421797811664395
