kernel,alpha1,alpha2,lambda,epsilon,train_score,valid_score,valid_std
hyperbolic_tangent,1.0,1.0,100.0,0.5,0.15185185185185185,0.06190476190476191,0.02182178902359924
