kernel,alpha1,alpha2,lambda,epsilon,train_score,valid_score,valid_std
hyperbolic_tangent,5.0,5.0,100.0,0.5,0.14656084656084656,0.052380952380952375,0.03333333333333333
