kernel,alpha1,alpha2,lambda,epsilon,train_score,valid_score,valid_std
linear,100.0,100.0,100.0,0.5,0.9878306878306878,0.9047619047619048,0.04761904761904761
