kernel,alpha1,alpha2,lambda,epsilon,train_score,valid_score,valid_std
linear,0.0,0.0,1.0,0.5,0.9481481481481483,0.8904761904761903,0.05238095238095237
