kernel,alpha1,alpha2,lambda,epsilon,train_score,valid_score,valid_std
power,2.5,2.5,10.0,0.5,0.8386243386243386,0.7761904761904762,0.10658585374094946
