kernel,alpha1,alpha2,lambda,epsilon,train_score,valid_score,valid_std
wave,0.5,0.5,10.0,0.5,0.7375661375661376,0.3761904761904762,0.09630356388646041
