kernel,alpha1,alpha2,lambda,epsilon,train_score,valid_score,valid_std
hyperbolic_tangent,0.5,0.5,100.0,0.5,0.21058201058201056,0.10952380952380951,0.07982406959162004
