kernel,alpha1,alpha2,lambda,epsilon,train_score,valid_score,valid_std
anova,5.0,5.0,1.0,0.5,0.9973544973544973,0.9047619047619048,0.0602338601936834
