kernel,par,train_score,valid_score,valid_std
histogram_intersection,0,0.991005291005291,0.9333333333333333,0.04364357804719848
