kernel,alpha1,alpha2,lambda,epsilon,train_score,valid_score,valid_std
power,2.0,2.0,1.0,0.5,0.9523809523809523,0.8952380952380953,0.05947617141331808
