kernel,alpha1,alpha2,lambda,epsilon,train_score,valid_score,valid_std
hyperbolic_tangent,0.5,0.5,100.0,0.5,0.1529100529100529,0.052380952380952375,0.03333333333333333
