kernel,alpha1,alpha2,lambda,epsilon,train_score,valid_score,valid_std
circular,1.0,1.0,100.0,0.5,0.919047619047619,0.6523809523809524,0.060421797811664374
