kernel,alpha1,alpha2,lambda,epsilon,train_score,valid_score,valid_std
log,5.0,5.0,100.0,0.5,0.9724867724867725,0.8523809523809524,0.09391944249198104
