kernel,alpha1,alpha2,lambda,epsilon,train_score,valid_score,valid_std
power,2.0,2.0,10.0,0.5,0.986243386243386,0.9095238095238095,0.04492371967646
