kernel,alpha1,alpha2,lambda,epsilon,train_score,valid_score,valid_std
spline,0.0,0.0,1.0,0.5,0.9851851851851852,0.8333333333333334,0.07142857142857144
