kernel,alpha1,alpha2,lambda,epsilon,train_score,valid_score,valid_std
log,8.0,8.0,100.0,0.5,0.9597883597883599,0.8380952380952381,0.07737179432986628
