kernel,alpha1,alpha2,lambda,epsilon,train_score,valid_score,valid_std
linear,10.0,10.0,100.0,0.5,0.9878306878306878,0.9095238095238096,0.04492371967646003
