kernel,alpha1,alpha2,lambda,epsilon,train_score,valid_score,valid_std
spline,0.0,0.0,10.0,0.5,0.9904761904761905,0.8095238095238095,0.11468185313135518
