kernel,alpha1,alpha2,lambda,epsilon,train_score,valid_score,valid_std
power,2.5,2.5,100.0,0.5,0.8306878306878307,0.7523809523809525,0.08192690730516788
