kernel,alpha1,alpha2,lambda,epsilon,train_score,valid_score,valid_std
linear,100.0,100.0,10.0,0.5,0.9703703703703704,0.9142857142857143,0.04665694748158433
