kernel,alpha1,alpha2,lambda,epsilon,train_score,valid_score,valid_std
linear,100.0,100.0,1.0,0.5,0.9465608465608467,0.8857142857142856,0.08302664654363187
