kernel,alpha1,alpha2,lambda,epsilon,train_score,valid_score,valid_std
wave,1.0,1.0,1.0,0.5,0.8518518518518519,0.7761904761904762,0.08793421577437804
