kernel,alpha1,alpha2,lambda,epsilon,train_score,valid_score,valid_std
log,8.0,8.0,10.0,0.5,0.9507936507936507,0.8571428571428571,0.07377111135633174
