kernel,alpha1,alpha2,lambda,epsilon,train_score,valid_score,valid_std
anova,0.5,0.5,1.0,0.5,0.8946666666666667,0.8460000000000001,0.007211102550927985
