kernel,alpha1,alpha2,lambda,epsilon,train_score,valid_score,valid_std
power,2.5,2.5,10.0,0.5,0.8123777777777776,0.8104000000000001,0.010307278981380062
