kernel,alpha1,alpha2,lambda,epsilon,train_score,valid_score,valid_std
linear,100.0,100.0,100.0,0.5,0.876222222222222,0.8709999999999999,0.01951922129594315
