kernel,alpha1,alpha2,lambda,epsilon,train_score,valid_score,valid_std
multiquadratic,1.0,1.0,100.0,0.5,0.007244444444444444,0.0068000000000000005,0.004019950248448356
