kernel,alpha1,alpha2,lambda,epsilon,train_score,valid_score,valid_std
wave,1.0,1.0,100.0,0.5,0.0032444444444444448,0.0034000000000000002,0.002374868417407584
