kernel,alpha1,alpha2,lambda,epsilon,train_score,valid_score,valid_std
linear,10.0,10.0,1.0,0.5,0.8765333333333334,0.8705999999999999,0.01947408534437499
