kernel,alpha1,alpha2,lambda,epsilon,train_score,valid_score,valid_std
multiquadratic,10.0,10.0,100.0,0.5,0.016066666666666667,0.015399999999999997,0.002835489375751565
