kernel,par,train_score,valid_score,valid_std
chi_square,0,0.32693333333333335,0.3902,0.02238660313669763
