kernel,alpha1,alpha2,lambda,epsilon,train_score,valid_score,valid_std
rational_quadratic,100.0,100.0,1.0,0.5,0.8798444444444445,0.8700000000000001,0.012263767773404724
