kernel,alpha1,alpha2,lambda,epsilon,train_score,valid_score,valid_std
power,2.0,2.0,1.0,0.5,0.8764222222222223,0.8715999999999999,0.013763720427268214
