kernel,alpha1,alpha2,lambda,epsilon,train_score,valid_score,valid_std
laplacian,1.0,1.0,1.0,0.5,0.9987555555555556,0.8645999999999999,0.0110290525431698
