kernel,alpha1,alpha2,lambda,epsilon,train_score,valid_score,valid_std
linear,100.0,100.0,10.0,0.5,0.8764666666666667,0.8705999999999999,0.01690088755065841
