kernel,alpha1,alpha2,lambda,epsilon,train_score,valid_score,valid_std
linear,0.0,0.0,1.0,0.5,0.8765777777777778,0.8691999999999999,0.014565713164826511
