kernel,alpha1,alpha2,lambda,epsilon,train_score,valid_score,valid_std
wave,5.0,5.0,10.0,0.5,0.8822444444444445,0.8667999999999999,0.014176036117335493
