kernel,alpha1,alpha2,lambda,epsilon,train_score,valid_score,valid_std
anova,5.0,5.0,10.0,0.5,0.9745333333333335,0.7948000000000001,0.013746272221951678
