kernel,alpha1,alpha2,lambda,epsilon,train_score,valid_score,valid_std
polynomial,2.0,2.0,1.0,0.5,0.45380000000000004,0.32120000000000004,0.02552175542551883
