kernel,alpha1,alpha2,lambda,epsilon,train_score,valid_score,valid_std
circular,5.0,5.0,100.0,0.5,0.6664666666666668,0.6766000000000001,0.010734989520255686
