kernel,alpha1,alpha2,lambda,epsilon,train_score,valid_score,valid_std
anova,1.0,1.0,1.0,0.5,0.9047333333333334,0.8470000000000001,0.017210461934532743
