kernel,alpha1,alpha2,lambda,epsilon,train_score,valid_score,valid_std
circular,5.0,5.0,10.0,0.5,0.6679777777777779,0.6696000000000001,0.024360623965736163
