kernel,par,train_score,valid_score,valid_std
log,2,0.9998222222222223,0.8532,0.013481839637082186
log,5,1.0,0.8485999999999999,0.014423591785682248
log,8,1.0,0.8523999999999999,0.009666436778875666
