kernel,alpha1,alpha2,lambda,epsilon,train_score,valid_score,valid_std
polynomial,2.0,2.0,100.0,0.5,0.45380000000000004,0.31739999999999996,0.014589036979869506
