kernel,alpha1,alpha2,lambda,epsilon,train_score,valid_score,valid_std
multiquadratic,1.0,1.0,10.0,0.5,0.007222222222222222,0.007600000000000001,0.003773592452822642
