kernel,alpha1,alpha2,lambda,epsilon,train_score,valid_score,valid_std
multiquadratic,5.0,5.0,10.0,0.5,0.011066666666666667,0.011199999999999998,0.0050754310161798075
