kernel,alpha1,alpha2,lambda,epsilon,train_score,valid_score,valid_std
power,2.5,2.5,100.0,0.5,0.812288888888889,0.8076000000000001,0.016847551750922122
