kernel,alpha1,alpha2,lambda,epsilon,train_score,valid_score,valid_std
log,2.0,2.0,1.0,0.5,0.9998444444444445,0.8512000000000001,0.009724196624914583
