kernel,alpha1,alpha2,lambda,epsilon,train_score,valid_score,valid_std
hyperbolic_tangent,0.5,0.5,100.0,0.5,0.3393111111111111,0.33039999999999997,0.009789790600416333
