kernel,alpha1,alpha2,lambda,epsilon,train_score,valid_score,valid_std
rational_quadratic,100.0,100.0,10.0,0.5,0.901688888888889,0.8600000000000001,0.01245792920191796
