kernel,alpha1,alpha2,lambda,epsilon,train_score,valid_score,valid_std
anova,5.0,5.0,1.0,0.5,0.9368888888888888,0.8305999999999999,0.014423591785682246
