kernel,alpha1,alpha2,lambda,epsilon,train_score,valid_score,valid_std
wave,1.0,1.0,10.0,0.5,17099.963663127404,18108.097432373394,2234.8221970158174
