kernel,alpha1,alpha2,lambda,epsilon,train_score,valid_score,valid_std
laplacian,0.5,0.5,100.0,2.0,0.8682543905261216,0.9634733084380219,0.0918771460903352
