kernel,par,train_score,valid_score,valid_std
chi_square,0,90165006.22281626,70291366.06506309,12880496.010969345
