kernel,alpha1,alpha2,lambda,epsilon,train_score,valid_score,valid_std
log,5.0,5.0,1.0,1.0,0.6312717695081809,0.7575321995257619,0.1249254130421068
