kernel,alpha1,alpha2,lambda,epsilon,train_score,valid_score,valid_std
power,2.2,2.2,100.0,1.0,1161120472.8927755,1163234170.2293572,137231348.9155095
