kernel,alpha1,alpha2,lambda,epsilon,train_score,valid_score,valid_std
laplacian,0.5,0.5,10.0,1.0,0.5427024948952697,0.8452199759578992,0.11177304117982315
