kernel,alpha1,alpha2,lambda,epsilon,train_score,valid_score,valid_std
anova,5.0,5.0,100.0,0.5,0.6347371576233419,1.0155270147087294,0.13567948893127052
