kernel,alpha1,alpha2,lambda,epsilon,train_score,valid_score,valid_std
linear,100.0,100.0,10.0,1.0,0.6669960566745549,0.6888201542259502,0.0773255427432566
