kernel,alpha1,alpha2,lambda,epsilon,train_score,valid_score,valid_std
power,2.0,2.0,1.0,1.0,0.6498855568246057,0.6653344614349382,0.04821236524832182
