kernel,alpha1,alpha2,lambda,epsilon,train_score,valid_score,valid_std
wave,0.5,0.5,100.0,2.0,20278749.735373624,20852986.42278235,1922799.9026239533
