kernel,alpha1,alpha2,lambda,epsilon,train_score,valid_score,valid_std
circular,5.0,5.0,1.0,0.5,23479.993261137613,23118.96729900513,1632.5254436726075
