kernel,alpha1,alpha2,lambda,epsilon,train_score,valid_score,valid_std
anova,1.0,1.0,10.0,2.0,0.7224375484416685,0.790338302962942,0.07978534731643384
