kernel,alpha1,alpha2,lambda,epsilon,train_score,valid_score,valid_std
laplacian,1.0,1.0,100.0,2.0,0.7536402516558672,0.82260973439327,0.09239277944192818
