kernel,alpha1,alpha2,lambda,epsilon,train_score,valid_score,valid_std
wave,1.0,1.0,1.0,1.0,168.35745975475734,178.88465179331735,16.392696405577166
