kernel,alpha1,alpha2,lambda,epsilon,train_score,valid_score,valid_std
laplacian,5.0,5.0,100.0,1.0,0.4005176843178222,0.597781010218718,0.04993848142127123
