kernel,alpha1,alpha2,lambda,epsilon,train_score,valid_score,valid_std
circular,1.0,1.0,100.0,1.0,33269.40172836029,20613.57087491332,8848.251942179073
