kernel,alpha1,alpha2,lambda,epsilon,train_score,valid_score,valid_std
polynomial,8.0,8.0,10.0,0.5,3230477.0218692496,1844760812.7649174,5114833359.872714
