kernel,alpha1,alpha2,lambda,epsilon,train_score,valid_score,valid_std
polynomial,2.0,2.0,10.0,2.0,1.1423403333894098,1.2910077726179363,0.1201682672345148
