kernel,alpha1,alpha2,lambda,epsilon,train_score,valid_score,valid_std
log,2.0,2.0,10.0,2.0,0.643484696145452,0.6862909539235462,0.0824066251167632
