kernel,alpha1,alpha2,lambda,epsilon,train_score,valid_score,valid_std
anova,1.0,1.0,10.0,0.5,0.5485703237213873,0.6779666953940484,0.11988105307469775
