kernel,alpha1,alpha2,lambda,epsilon,train_score,valid_score,valid_std
spherical,1.0,1.0,1.0,0.5,0.3568882655141109,0.839733883110563,0.09833000110274473
