kernel,alpha1,alpha2,lambda,epsilon,train_score,valid_score,valid_std
gaussian,5.0,5.0,10.0,1.0,0.5529670900362147,0.6167009934352498,0.0852138952563972
