kernel,alpha1,alpha2,lambda,epsilon,train_score,valid_score,valid_std
laplacian,0.5,0.5,1.0,0.5,0.292293212623017,0.6880445090685694,0.12280648839573237
