kernel,alpha1,alpha2,lambda,epsilon,train_score,valid_score,valid_std
polynomial,2.0,2.0,100.0,1.0,3.8160959627499182,4.362325436657106,3.0047399897133498
