kernel,alpha1,alpha2,lambda,epsilon,train_score,valid_score,valid_std
wave,0.5,0.5,1.0,0.5,2047.5611921976385,2094.1787207650586,106.28826148989477
