kernel,alpha1,alpha2,lambda,epsilon,train_score,valid_score,valid_std
log,5.0,5.0,10.0,0.5,71.42689110303014,39.89154299570007,10.062884562127444
