kernel,alpha1,alpha2,lambda,epsilon,train_score,valid_score,valid_std
polynomial,8.0,8.0,1.0,0.5,3721673.5777162565,1961493386.2880445,5221530517.0618105
