kernel,alpha1,alpha2,lambda,epsilon,train_score,valid_score,valid_std
power,2.2,2.2,10.0,2.0,11579036.071338158,11584554.878007479,1641362.4943162724
