kernel,alpha1,alpha2,lambda,epsilon,train_score,valid_score,valid_std
polynomial,2.0,2.0,1.0,2.0,1.0737034728409778,1.2414234275335618,0.18446858984563316
