kernel,alpha1,alpha2,lambda,epsilon,train_score,valid_score,valid_std
anova,0.5,0.5,10.0,2.0,0.732387299302328,0.7838517155002538,0.09869019714840614
