kernel,alpha1,alpha2,lambda,epsilon,train_score,valid_score,valid_std
linear,100.0,100.0,1.0,2.0,0.694394145174651,0.7135503793516915,0.06271610161644557
