kernel,alpha1,alpha2,lambda,epsilon,train_score,valid_score,valid_std
circular,5.0,5.0,10.0,1.0,2339888.839052068,2312643.807163959,164192.35306147631
