kernel,alpha1,alpha2,lambda,epsilon,train_score,valid_score,valid_std
log,5.0,5.0,10.0,1.0,72.7958173496781,40.061940978932164,4.594120450757899
