kernel,alpha1,alpha2,lambda,epsilon,train_score,valid_score,valid_std
spherical,0.5,0.5,10.0,2.0,0.9001606711427547,0.9949229964899011,0.11871490624344673
