kernel,alpha1,alpha2,lambda,epsilon,train_score,valid_score,valid_std
spherical,0.5,0.5,1.0,0.5,0.36497591519101025,0.8641391994555429,0.06981789387370908
