kernel,alpha1,alpha2,lambda,epsilon,train_score,valid_score,valid_std
log,5.0,5.0,100.0,0.5,7336.045403791402,4264.53732575689,682.0174782410979
