kernel,alpha1,alpha2,lambda,epsilon,train_score,valid_score,valid_std
anova,0.5,0.5,1.0,1.0,0.5800215583985213,0.6553426847645021,0.07803675204130894
