kernel,alpha1,alpha2,lambda,epsilon,train_score,valid_score,valid_std
laplacian,5.0,5.0,1.0,1.0,0.5079499133026608,0.6192224469179055,0.046801623552524506
