kernel,alpha1,alpha2,lambda,epsilon,train_score,valid_score,valid_std
linear,100.0,100.0,1.0,0.5,0.6460432868592061,0.659275379026308,0.05135008528750225
