kernel,alpha1,alpha2,lambda,epsilon,train_score,valid_score,valid_std
laplacian,0.5,0.5,1.0,2.0,0.8785096005723693,0.9645272319467463,0.14888626604066466
