kernel,alpha1,alpha2,lambda,epsilon,train_score,valid_score,valid_std
wave,1.0,1.0,10.0,2.0,17045.754745247235,18214.262068899123,1935.0016470319624
