kernel,alpha1,alpha2,lambda,epsilon,train_score,valid_score,valid_std
spherical,0.5,0.5,10.0,1.0,0.619236516096369,0.99692001962185,0.07569676296563735
