kernel,alpha1,alpha2,lambda,epsilon,train_score,valid_score,valid_std
gaussian,5.0,5.0,1.0,0.5,0.5982439557192977,0.6347297022253092,0.09401455046295341
