kernel,alpha1,alpha2,lambda,epsilon,train_score,valid_score,valid_std
gaussian,1.0,1.0,10.0,2.0,0.783639928159848,0.8601623302361878,0.0910767437806141
