kernel,alpha1,alpha2,lambda,epsilon,train_score,valid_score,valid_std
laplacian,1.0,1.0,10.0,2.0,0.7552327064776633,0.8318609658450136,0.11875936527662875
