kernel,alpha1,alpha2,lambda,epsilon,train_score,valid_score,valid_std
circular,0.5,0.5,10.0,2.0,0.8969985447191513,0.9976740385156944,0.10240011444120967
