kernel,alpha1,alpha2,lambda,epsilon,train_score,valid_score,valid_std
linear,0.0,0.0,10.0,1.0,0.6693597249794385,0.6860278152409177,0.0884570271912581
