kernel,alpha1,alpha2,lambda,epsilon,train_score,valid_score,valid_std
polynomial,2.0,2.0,10.0,2.0,1.1420659959255637,1.341552335445633,0.1912738585873834
