kernel,alpha1,alpha2,lambda,epsilon,train_score,valid_score,valid_std
circular,1.0,1.0,100.0,2.0,19547.001825794097,14007.341719451211,9636.966425213663
