kernel,alpha1,alpha2,lambda,epsilon,train_score,valid_score,valid_std
power,2.2,2.2,1.0,0.5,115999.47071496634,115350.39184582504,15973.252085321688
