kernel,alpha1,alpha2,lambda,epsilon,train_score,valid_score,valid_std
wave,1.0,1.0,1.0,0.5,169.52074730941678,175.9359318740188,37.30165569401875
