kernel,alpha1,alpha2,lambda,epsilon,train_score,valid_score,valid_std
log,2.0,2.0,100.0,2.0,0.6436252155223445,0.6878742553484896,0.056488006974612336
