kernel,alpha1,alpha2,lambda,epsilon,train_score,valid_score,valid_std
wave,5.0,5.0,1.0,0.5,0.6255556362900427,0.6419117222583307,0.091144437062271
