kernel,alpha1,alpha2,lambda,epsilon,train_score,valid_score,valid_std
anova,0.5,0.5,100.0,2.0,0.7316075256811679,0.7932326902358692,0.11897603322699371
