kernel,alpha1,alpha2,lambda,epsilon,train_score,valid_score,valid_std
polynomial,5.0,5.0,10.0,0.5,1140.9570251425432,2361.096926319972,3317.1675363873783
