kernel,alpha1,alpha2,lambda,epsilon,train_score,valid_score,valid_std
gaussian,0.5,0.5,100.0,2.0,0.8897484765822771,0.9810712653151953,0.09674011781651365
