kernel,alpha1,alpha2,lambda,epsilon,train_score,valid_score,valid_std
gaussian,1.0,1.0,100.0,0.5,0.18876432228927967,0.6396272198643836,0.06112597460766673
