kernel,alpha1,alpha2,lambda,epsilon,train_score,valid_score,valid_std
spherical,0.5,0.5,1.0,2.0,0.907710894198749,0.9979284256987302,0.10540172581205089
