kernel,alpha1,alpha2,lambda,epsilon,train_score,valid_score,valid_std
power,2.0,2.0,1.0,0.5,0.6473514478370423,0.6615569031167576,0.09527597994127918
