kernel,alpha1,alpha2,lambda,epsilon,train_score,valid_score,valid_std
spherical,0.5,0.5,1.0,1.0,0.6886613701931108,1.0102051468518678,0.11377643882185093
