kernel,alpha1,alpha2,lambda,epsilon,train_score,valid_score,valid_std
power,2.2,2.2,1.0,1.0,115938.16474889536,116010.96031932664,11909.350128899106
