kernel,alpha1,alpha2,lambda,epsilon,train_score,valid_score,valid_std
linear,10.0,10.0,100.0,0.5,2.1364321206998707,2.2276998501469776,1.2469275480776523
