kernel,alpha1,alpha2,lambda,epsilon,train_score,valid_score,valid_std
rational_quadratic,10.0,10.0,100.0,2.0,0.6453981507663747,0.6923589322284553,0.03458077611356425
