kernel,alpha1,alpha2,lambda,epsilon,train_score,valid_score,valid_std
anova,0.5,0.5,1.0,1.0,0.5759351939527797,0.6604759546520416,0.08572487970773791
