kernel,alpha1,alpha2,lambda,epsilon,train_score,valid_score,valid_std
polynomial,2.0,2.0,10.0,0.5,3.2480911742464307,3.1922988154420997,1.397310735898734
