kernel,alpha1,alpha2,lambda,epsilon,train_score,valid_score,valid_std
anova,5.0,5.0,100.0,2.0,0.7262869026953706,0.7985606574507926,0.13413523874553648
