kernel,alpha1,alpha2,lambda,epsilon,train_score,valid_score,valid_std
polynomial,2.0,2.0,10.0,1.0,2.6405402166501744,3.1488570999735463,1.1267306367383225
