kernel,alpha1,alpha2,lambda,epsilon,train_score,valid_score,valid_std
linear,10.0,10.0,100.0,2.0,0.8648829346150577,0.9332590548749972,0.23808268153899162
