kernel,alpha1,alpha2,lambda,epsilon,train_score,valid_score,valid_std
polynomial,2.0,2.0,10.0,1.0,2.654089809594035,2.6453158233493337,1.2627052730033388
