kernel,alpha1,alpha2,lambda,epsilon,train_score,valid_score,valid_std
polynomial,8.0,8.0,100.0,0.5,19444970.71970127,1592708896.8772511,4083468637.105672
