kernel,alpha1,alpha2,lambda,epsilon,train_score,valid_score,valid_std
spherical,1.0,1.0,10.0,1.0,0.6174335709869058,0.9873860153463229,0.11963010214235788
