kernel,alpha1,alpha2,lambda,epsilon,train_score,valid_score,valid_std
wave,1.0,1.0,100.0,1.0,1707930.6871456907,1814384.073682374,206930.30891815995
