kernel,alpha1,alpha2,lambda,epsilon,train_score,valid_score,valid_std
spherical,5.0,5.0,1.0,0.5,0.3684741741312057,0.5842862717904733,0.05820470047877807
