kernel,alpha1,alpha2,lambda,epsilon,train_score,valid_score,valid_std
gaussian,5.0,5.0,100.0,1.0,0.5159039506920342,0.6554930879209998,0.10129296540283327
