kernel,alpha1,alpha2,lambda,epsilon,train_score,valid_score,valid_std
polynomial,8.0,8.0,10.0,2.0,1.1536108586123865,25104.697063339816,67993.41012162893
