kernel,alpha1,alpha2,lambda,epsilon,train_score,valid_score,valid_std
laplacian,0.5,0.5,10.0,2.0,0.8681575153621772,0.9569359308356633,0.11013278317461378
