kernel,alpha1,alpha2,lambda,epsilon,train_score,valid_score,valid_std
polynomial,5.0,5.0,1.0,1.0,59.476637108895964,1030.1916353088914,1372.6582355738879
