kernel,alpha1,alpha2,lambda,epsilon,train_score,valid_score,valid_std
circular,5.0,5.0,1.0,2.0,23395.080980881758,23264.468758603405,1823.1897959165492
