kernel,alpha1,alpha2,lambda,epsilon,train_score,valid_score,valid_std
polynomial,2.0,2.0,1.0,2.0,1.0803704894441624,1.2717418761756245,0.22838901190812438
