kernel,alpha1,alpha2,lambda,epsilon,train_score,valid_score,valid_std
power,2.2,2.2,1.0,2.0,115934.17096017362,116101.68290969853,16921.24621943458
