kernel,alpha1,alpha2,lambda,epsilon,train_score,valid_score,valid_std
linear,100.0,100.0,100.0,2.0,0.8030388248358253,0.7960604134616232,0.10824628112238091
