kernel,alpha1,alpha2,lambda,epsilon,train_score,valid_score,valid_std
polynomial,8.0,8.0,10.0,2.0,1.1485700225552862,12657.586140391004,30942.029260950654
