kernel,alpha1,alpha2,lambda,epsilon,train_score,valid_score,valid_std
anova,5.0,5.0,1.0,2.0,0.7302771190931352,0.8140139033428578,0.0996202639277021
