kernel,alpha1,alpha2,lambda,epsilon,train_score,valid_score,valid_std
linear,0.0,0.0,100.0,2.0,0.8150972438664168,0.8162337409110298,0.11730890723151303
