kernel,alpha1,alpha2,lambda,epsilon,train_score,valid_score,valid_std
power,2.0,2.0,100.0,2.0,0.907452828647456,0.9357071234421224,0.16263699751195512
