kernel,alpha1,alpha2,lambda,epsilon,train_score,valid_score,valid_std
gaussian,0.5,0.5,1.0,1.0,0.6714149708163226,0.9562821212278777,0.07995040997837383
