kernel,alpha1,alpha2,lambda,epsilon,train_score,valid_score,valid_std
rational_quadratic,100.0,100.0,10.0,2.0,0.6390680480203323,0.6632180478509601,0.08135546237367919
