kernel,alpha1,alpha2,lambda,epsilon,train_score,valid_score,valid_std
polynomial,5.0,5.0,1.0,1.0,102.78210861937096,1426.7404699118788,3758.4527121430383
