kernel,alpha1,alpha2,lambda,epsilon,train_score,valid_score,valid_std
spherical,5.0,5.0,10.0,1.0,0.41230910475303384,0.6215857759251469,0.06735632489397288
