kernel,alpha1,alpha2,lambda,epsilon,train_score,valid_score,valid_std
log,2.0,2.0,100.0,0.5,0.1795767630912292,0.5853260371063624,0.06690336124431837
