kernel,alpha1,alpha2,lambda,epsilon,train_score,valid_score,valid_std
power,2.5,2.5,10.0,2.0,309167955.2302049,307358869.5398401,44668143.91802508
