kernel,alpha1,alpha2,lambda,epsilon,train_score,valid_score,valid_std
rational_quadratic,10.0,10.0,100.0,1.0,0.42786071310357077,0.6769969805238994,0.05996238806830451
