kernel,alpha1,alpha2,lambda,epsilon,train_score,valid_score,valid_std
anova,5.0,5.0,1.0,2.0,0.7262180076386515,0.7894414172453919,0.07015198454998832
