kernel,par,train_score,valid_score,valid_std
hyperbolic_tangent,0,12760.813704101154,11756.82653203802,1480.9335598147713
