kernel,alpha1,alpha2,lambda,epsilon,train_score,valid_score,valid_std
power,2.2,2.2,10.0,1.0,11597488.574051261,11471472.75370143,2061343.9534882498
