kernel,alpha1,alpha2,lambda,epsilon,train_score,valid_score,valid_std
polynomial,2.0,2.0,100.0,2.0,1.142895324944892,1.3646965581231105,0.27574281504524095
