kernel,alpha1,alpha2,lambda,epsilon,train_score,valid_score,valid_std
linear,100.0,100.0,10.0,2.0,0.707829825907402,0.7308670011311644,0.09380592719659989
