kernel,alpha1,alpha2,lambda,epsilon,train_score,valid_score,valid_std
gaussian,0.5,0.5,10.0,0.5,0.22754797770082152,0.7337356251083135,0.07252991557240061
