kernel,alpha1,alpha2,lambda,epsilon,train_score,valid_score,valid_std
anova,0.5,0.5,1.0,2.0,0.7171095651436544,0.7667600458548558,0.06805700289432888
