kernel,alpha1,alpha2,lambda,epsilon,train_score,valid_score,valid_std
spherical,5.0,5.0,100.0,0.5,0.18365332880315294,0.5667974150128037,0.08836491804894661
