kernel,alpha1,alpha2,lambda,epsilon,train_score,valid_score,valid_std
wave,5.0,5.0,10.0,1.0,0.6100711775920047,0.637687971723303,0.10085558623616042
