kernel,alpha1,alpha2,lambda,epsilon,train_score,valid_score,valid_std
laplacian,0.5,0.5,1.0,1.0,0.620746857425319,0.8775656637160456,0.12114580108847696
