kernel,alpha1,alpha2,lambda,epsilon,train_score,valid_score,valid_std
rational_quadratic,10.0,10.0,10.0,1.0,0.44048452181250297,0.6452719817517607,0.10161173954112902
