kernel,alpha1,alpha2,lambda,epsilon,train_score,valid_score,valid_std
anova,1.0,1.0,10.0,2.0,0.7257229023330585,0.7851648253403077,0.13918802098603086
