kernel,alpha1,alpha2,lambda,epsilon,train_score,valid_score,valid_std
log,8.0,8.0,1.0,2.0,0.6435346571559585,0.6803240827023236,0.06416666056141128
