kernel,alpha1,alpha2,lambda,epsilon,train_score,valid_score,valid_std
wave,5.0,5.0,1.0,1.0,0.641251424001645,0.6548910195908337,0.0859989920321186
