kernel,alpha1,alpha2,lambda,epsilon,train_score,valid_score,valid_std
wave,1.0,1.0,100.0,2.0,1708735.1173004124,1803822.3894349094,410492.49193905893
