kernel,alpha1,alpha2,lambda,epsilon,train_score,valid_score,valid_std
polynomial,5.0,5.0,100.0,0.5,1944.6146753956575,4270.986908836947,7394.636252659389
