kernel,alpha1,alpha2,lambda,epsilon,train_score,valid_score,valid_std
log,8.0,8.0,1.0,1.0,4.156761678098978,2.566771872628576,0.5085421172168841
