kernel,alpha1,alpha2,lambda,epsilon,train_score,valid_score,valid_std
polynomial,2.0,2.0,1.0,1.0,0.9534399130986255,1.0982384246042414,0.20912742007650872
