kernel,alpha1,alpha2,lambda,epsilon,train_score,valid_score,valid_std
linear,10.0,10.0,10.0,0.5,0.7735518915981676,0.8103756590422553,0.13033171097019366
