kernel,alpha1,alpha2,lambda,epsilon,train_score,valid_score,valid_std
linear,10.0,10.0,100.0,1.0,1.4528102827514842,1.448187260030002,0.5027708970476507
