kernel,alpha1,alpha2,lambda,epsilon,train_score,valid_score,valid_std
linear,0.0,0.0,1.0,2.0,0.69320944775727,0.705353399002036,0.10935564865357802
