kernel,alpha1,alpha2,lambda,epsilon,train_score,valid_score,valid_std
polynomial,5.0,5.0,100.0,1.0,49.30989557208532,1132.2378509575458,2217.6384768491675
