kernel,alpha1,alpha2,lambda,epsilon,train_score,valid_score,valid_std
power,2.0,2.0,10.0,0.5,0.8474737096128026,0.9015366783347283,0.16109006627355565
