kernel,alpha1,alpha2,lambda,epsilon,train_score,valid_score,valid_std
power,2.5,2.5,10.0,0.5,310454696.1666411,308972803.55305916,46634923.86610084
