kernel,alpha1,alpha2,lambda,epsilon,train_score,valid_score,valid_std
power,2.5,2.5,10.0,1.0,308792278.5672449,308899318.7817059,44923745.84082752
