kernel,alpha1,alpha2,lambda,epsilon,train_score,valid_score,valid_std
laplacian,5.0,5.0,100.0,0.5,0.18237775197605982,0.544020359981616,0.0567325182795721
