kernel,alpha1,alpha2,lambda,epsilon,train_score,valid_score,valid_std
laplacian,5.0,5.0,100.0,2.0,0.6454913283007256,0.6874637259988162,0.0779520057452242
