kernel,alpha1,alpha2,lambda,epsilon,train_score,valid_score,valid_std
circular,5.0,5.0,100.0,1.0,233900992.43973747,231049477.09948927,14457979.190388443
