kernel,alpha1,alpha2,lambda,epsilon,train_score,valid_score,valid_std
circular,0.5,0.5,100.0,2.0,0.8970129432523384,0.9979485897324457,0.15292281672089927
