kernel,alpha1,alpha2,lambda,epsilon,train_score,valid_score,valid_std
wave,0.5,0.5,10.0,1.0,202628.87312464492,209288.5663556483,14312.606936658958
