kernel,alpha1,alpha2,lambda,epsilon,train_score,valid_score,valid_std
laplacian,1.0,1.0,100.0,0.5,0.19378986549204189,0.5744214195035604,0.07962866827643494
