kernel,alpha1,alpha2,lambda,epsilon,train_score,valid_score,valid_std
laplacian,1.0,1.0,1.0,2.0,0.7651828059439367,0.8412834653364856,0.13135875909191402
