kernel,alpha1,alpha2,lambda,epsilon,train_score,valid_score,valid_std
anova,5.0,5.0,1.0,1.0,0.5204657098968104,0.6953409282503629,0.09442763062827289
