kernel,alpha1,alpha2,lambda,epsilon,train_score,valid_score,valid_std
wave,5.0,5.0,10.0,2.0,0.6641566021363009,0.6836723426622748,0.09965549117012025
