kernel,alpha1,alpha2,lambda,epsilon,train_score,valid_score,valid_std
wave,5.0,5.0,10.0,0.5,0.6069631986831425,0.6485166687711648,0.10738351944186278
