kernel,alpha1,alpha2,lambda,epsilon,train_score,valid_score,valid_std
anova,5.0,5.0,10.0,2.0,0.7248715728806286,0.7900967879245065,0.11306767382048719
