kernel,alpha1,alpha2,lambda,epsilon,train_score,valid_score,valid_std
linear,10.0,10.0,1.0,2.0,0.6957231717996729,0.7200837182276192,0.03870083914357427
