kernel,alpha1,alpha2,lambda,epsilon,train_score,valid_score,valid_std
linear,100.0,100.0,10.0,0.5,0.7585216216699635,0.7470921286143678,0.14575792327294365
