kernel,alpha1,alpha2,lambda,epsilon,train_score,valid_score,valid_std
circular,0.5,0.5,1.0,1.0,0.6847344209607715,0.9925375693982439,0.12227046850725215
