kernel,alpha1,alpha2,lambda,epsilon,train_score,valid_score,valid_std
polynomial,2.0,2.0,10.0,1.0,2.4636956277631827,2.703186090557323,0.6933204100154307
