kernel,alpha1,alpha2,lambda,epsilon,train_score,valid_score,valid_std
circular,0.5,0.5,1.0,2.0,0.9049708147096664,0.9958650858529378,0.12866877485747355
