kernel,alpha1,alpha2,lambda,epsilon,train_score,valid_score,valid_std
spherical,5.0,5.0,1.0,1.0,0.49568290221938655,0.6435236618627127,0.0792766468225696
