kernel,alpha1,alpha2,lambda,epsilon,train_score,valid_score,valid_std
log,2.0,2.0,1.0,2.0,0.6424782863743181,0.682661004969107,0.054204757787912596
