kernel,alpha1,alpha2,lambda,epsilon,train_score,valid_score,valid_std
spherical,5.0,5.0,100.0,2.0,0.685012427202007,0.7486781829698023,0.1011683269527786
