kernel,alpha1,alpha2,lambda,epsilon,train_score,valid_score,valid_std
spline,0.0,0.0,100.0,1.0,6.96331621508641e+18,6579375418823215.0,1.2688428347546996e+16
