kernel,par,train_score,valid_score,valid_std
histogram_intersection,0,0.3983998989236826,0.6282411180747751,0.12103681095749937
