kernel,alpha1,alpha2,lambda,epsilon,train_score,valid_score,valid_std
rational_quadratic,100.0,100.0,1.0,2.0,0.6679821469660538,0.6862974199755547,0.07015540280274553
