kernel,alpha1,alpha2,lambda,epsilon,train_score,valid_score,valid_std
anova,5.0,5.0,100.0,1.0,0.6300561602670078,0.882670590447517,0.06314863391036023
