kernel,alpha1,alpha2,lambda,epsilon,train_score,valid_score,valid_std
log,8.0,8.0,10.0,0.5,483.4649456432791,258.7206181181315,55.38326870352847
