kernel,alpha1,alpha2,lambda,epsilon,train_score,valid_score,valid_std
power,2.5,2.5,1.0,2.0,3102394.719573976,3081411.252010137,532002.8139922578
