kernel,alpha1,alpha2,lambda,epsilon,train_score,valid_score,valid_std
rational_quadratic,100.0,100.0,100.0,2.0,0.657918121200542,0.6889705361532306,0.06684320284464829
