kernel,alpha1,alpha2,lambda,epsilon,train_score,valid_score,valid_std
spherical,0.5,0.5,10.0,0.5,0.24578415954233218,0.843737347321456,0.07629831537136157
