kernel,alpha1,alpha2,lambda,epsilon,train_score,valid_score,valid_std
spherical,5.0,5.0,100.0,1.0,0.41290375946430186,0.6221748638663055,0.09155471148226016
