kernel,alpha1,alpha2,lambda,epsilon,train_score,valid_score,valid_std
circular,1.0,1.0,1.0,2.0,0.910818822066233,0.9821389420353654,0.08296529062011421
