kernel,alpha1,alpha2,lambda,epsilon,train_score,valid_score,valid_std
spherical,1.0,1.0,100.0,2.0,0.8978468024903771,0.9911003047570667,0.11634058266251884
