kernel,alpha1,alpha2,lambda,epsilon,train_score,valid_score,valid_std
spherical,5.0,5.0,10.0,0.5,0.18331576379533474,0.5699631952229767,0.06626813009366073
