kernel,alpha1,alpha2,lambda,epsilon,train_score,valid_score,valid_std
log,5.0,5.0,1.0,2.0,0.6442464556651775,0.6827628942496988,0.14180567945764894
