kernel,alpha1,alpha2,lambda,epsilon,train_score,valid_score,valid_std
log,5.0,5.0,100.0,2.0,0.6425248625674713,0.6828134113862625,0.07258548284382181
