kernel,alpha1,alpha2,lambda,epsilon,train_score,valid_score,valid_std
linear,0.0,0.0,1.0,0.5,0.6455229921784461,0.6594415279614755,0.08890145274537868
