kernel,alpha1,alpha2,lambda,epsilon,train_score,valid_score,valid_std
anova,1.0,1.0,1.0,1.0,0.5563467648678804,0.66017719780601,0.057909964435606316
