kernel,alpha1,alpha2,lambda,epsilon,train_score,valid_score,valid_std
gaussian,5.0,5.0,1.0,2.0,0.651434969291959,0.6630007216563458,0.0853929544482235
