kernel,alpha1,alpha2,lambda,epsilon,train_score,valid_score,valid_std
polynomial,2.0,2.0,100.0,2.0,1.1242204671346254,1.283245832870027,0.19752609544038688
