kernel,alpha1,alpha2,lambda,epsilon,train_score,valid_score,valid_std
circular,5.0,5.0,100.0,2.0,233996117.01939398,231453846.4244992,19139058.40156928
