kernel,alpha1,alpha2,lambda,epsilon,train_score,valid_score,valid_std
power,2.5,2.5,100.0,0.5,30945363254.4169,30856528573.986256,3972464533.3140283
