kernel,alpha1,alpha2,lambda,epsilon,train_score,valid_score,valid_std
polynomial,8.0,8.0,100.0,2.0,1.1539262481226111,24978.84164937112,64802.30554452681
