kernel,alpha1,alpha2,lambda,epsilon,train_score,valid_score,valid_std
power,2.5,2.5,100.0,2.0,31054346681.70939,30874386021.57251,4991403751.579654
