kernel,alpha1,alpha2,lambda,epsilon,train_score,valid_score,valid_std
polynomial,5.0,5.0,10.0,2.0,0.9180229254720942,21.033861049186847,52.832847179229354
