kernel,alpha1,alpha2,lambda,epsilon,train_score,valid_score,valid_std
linear,100.0,100.0,100.0,1.0,1.2287299274884689,1.270820606768265,0.42612729366888075
