kernel,alpha1,alpha2,lambda,epsilon,train_score,valid_score,valid_std
wave,0.5,0.5,1.0,2.0,2044.1951664846063,2104.0127941654478,172.7265000720657
