kernel,alpha1,alpha2,lambda,epsilon,train_score,valid_score,valid_std
laplacian,0.5,0.5,100.0,0.5,0.21147948233300115,0.673484862374652,0.1300343290673609
