kernel,alpha1,alpha2,lambda,epsilon,train_score,valid_score,valid_std
spherical,1.0,1.0,10.0,2.0,0.8978918143397976,0.99571675320861,0.09424638152674591
