kernel,alpha1,alpha2,lambda,epsilon,train_score,valid_score,valid_std
linear,10.0,10.0,1.0,1.0,0.6499033803481853,0.661636436153647,0.08082256820758223
