kernel,alpha1,alpha2,lambda,epsilon,train_score,valid_score,valid_std
linear,0.0,0.0,100.0,1.0,1.6140290931686274,1.6539862504050884,0.5499857797725476
