kernel,alpha1,alpha2,lambda,epsilon,train_score,valid_score,valid_std
wave,0.5,0.5,100.0,0.5,20265181.40204392,20916689.68637111,1616504.4256139467
