kernel,alpha1,alpha2,lambda,epsilon,train_score,valid_score,valid_std
anova,5.0,5.0,10.0,2.0,0.7299228024866793,0.7997967385596891,0.08690866115850343
