kernel,alpha1,alpha2,lambda,epsilon,train_score,valid_score,valid_std
anova,0.5,0.5,10.0,1.0,0.5720661496125569,0.671994026913554,0.09161855131518572
