kernel,alpha1,alpha2,lambda,epsilon,train_score,valid_score,valid_std
polynomial,2.0,2.0,10.0,2.0,1.130390329142303,1.2751913581907615,0.10365423484233666
