kernel,alpha1,alpha2,lambda,epsilon,train_score,valid_score,valid_std
rational_quadratic,10.0,10.0,100.0,0.5,0.18425911610874504,0.6921478913787342,0.08170777726780877
