kernel,alpha1,alpha2,lambda,epsilon,train_score,valid_score,valid_std
polynomial,2.0,2.0,1.0,0.5,1.3789685399894216,1.4886227807018206,0.35654899372106125
