kernel,alpha1,alpha2,lambda,epsilon,train_score,valid_score,valid_std
anova,1.0,1.0,1.0,1.0,0.5611487703000669,0.6625418001502009,0.0416250802964685
