kernel,alpha1,alpha2,lambda,epsilon,train_score,valid_score,valid_std
power,2.2,2.2,100.0,2.0,1157553633.6796641,1157952805.2165236,142695288.5859636
