kernel,alpha1,alpha2,lambda,epsilon,train_score,valid_score,valid_std
spherical,0.5,0.5,100.0,1.0,0.6192449861385306,0.9972608449730067,0.12631657194980306
