kernel,alpha1,alpha2,lambda,epsilon,train_score,valid_score,valid_std
gaussian,5.0,5.0,100.0,2.0,0.6699971872664544,0.7181360151147075,0.11100893868799722
