kernel,alpha1,alpha2,lambda,epsilon,train_score,valid_score,valid_std
spherical,1.0,1.0,10.0,0.5,0.24316155595394515,0.8247512093744256,0.08650192175863723
