kernel,alpha1,alpha2,lambda,epsilon,train_score,valid_score,valid_std
spherical,0.5,0.5,100.0,0.5,0.24644801843680172,0.8487927633091269,0.08841860322493736
