kernel,alpha1,alpha2,lambda,epsilon,train_score,valid_score,valid_std
polynomial,5.0,5.0,100.0,1.0,81.49586200490019,1984.437360933446,3463.6647506465897
