kernel,alpha1,alpha2,lambda,epsilon,train_score,valid_score,valid_std
wave,0.5,0.5,10.0,2.0,202835.24612245825,208300.45109356285,14047.199938567523
