kernel,alpha1,alpha2,lambda,epsilon,train_score,valid_score,valid_std
power,2.5,2.5,100.0,1.0,30875384309.400047,30993889921.43339,2059902801.505167
