kernel,alpha1,alpha2,lambda,epsilon,train_score,valid_score,valid_std
wave,5.0,5.0,100.0,2.0,0.6721391981428941,0.7064149597631303,0.10486616286224104
