kernel,alpha1,alpha2,lambda,epsilon,train_score,valid_score,valid_std
gaussian,0.5,0.5,10.0,1.0,0.6047064146171762,0.9422281887001684,0.1132363856910108
