kernel,alpha1,alpha2,lambda,epsilon,train_score,valid_score,valid_std
gaussian,1.0,1.0,10.0,1.0,0.46270687443893266,0.7277251249174044,0.07511559129200636
