kernel,alpha1,alpha2,lambda,epsilon,train_score,valid_score,valid_std
polynomial,5.0,5.0,100.0,0.5,1165.9639458753322,5956.549060680775,8982.384299299352
