kernel,alpha1,alpha2,lambda,epsilon,train_score,valid_score,valid_std
gaussian,5.0,5.0,100.0,0.5,0.44843303152039315,0.6408950962469212,0.11687682332758534
