kernel,alpha1,alpha2,lambda,epsilon,train_score,valid_score,valid_std
anova,0.5,0.5,1.0,2.0,0.7207716784347121,0.7540196407476163,0.09206014628627351
