kernel,alpha1,alpha2,lambda,epsilon,train_score,valid_score,valid_std
log,5.0,5.0,1.0,0.5,0.9488784964782221,0.9721238417385255,0.11003804472796737
