kernel,alpha1,alpha2,lambda,epsilon,train_score,valid_score,valid_std
laplacian,1.0,1.0,1.0,0.5,0.2785202299369711,0.5937902423217113,0.10542763588550788
