kernel,alpha1,alpha2,lambda,epsilon,train_score,valid_score,valid_std
anova,1.0,1.0,100.0,2.0,0.7239132523159741,0.8016899218338688,0.1060517747875796
