kernel,alpha1,alpha2,lambda,epsilon,train_score,valid_score,valid_std
anova,0.5,0.5,100.0,2.0,0.7352959245098142,0.7879499072083157,0.09418265558328
