kernel,alpha1,alpha2,lambda,epsilon,train_score,valid_score,valid_std
power,2.5,2.5,1.0,0.5,3103063.369371893,3069873.9024173534,452445.29444707115
