kernel,alpha1,alpha2,lambda,epsilon,train_score,valid_score,valid_std
laplacian,5.0,5.0,1.0,2.0,0.6472478785919751,0.6844724310218783,0.07584902462767999
