kernel,alpha1,alpha2,lambda,epsilon,train_score,valid_score,valid_std
gaussian,1.0,1.0,100.0,2.0,0.7830070946956561,0.864561550882432,0.08574796191353683
