kernel,alpha1,alpha2,lambda,epsilon,train_score,valid_score,valid_std
gaussian,5.0,5.0,10.0,2.0,0.6440290853011869,0.6800469962508033,0.06405590970781451
