kernel,alpha1,alpha2,lambda,epsilon,train_score,valid_score,valid_std
spline,0.0,0.0,100.0,2.0,6.965618230943694e+18,6730363940388950.0,1.275344226645962e+16
