kernel,alpha1,alpha2,lambda,epsilon,train_score,valid_score,valid_std
anova,5.0,5.0,100.0,2.0,0.733674397377221,0.8038465813712834,0.07318662272143163
