kernel,alpha1,alpha2,lambda,epsilon,train_score,valid_score,valid_std
power,2.5,2.5,1.0,1.0,3091140.2751823943,3055842.067637979,776272.5868758524
