kernel,alpha1,alpha2,lambda,epsilon,train_score,valid_score,valid_std
laplacian,0.5,0.5,10.0,0.5,0.21146263312205557,0.6710112370552315,0.075384493078023
