kernel,alpha1,alpha2,lambda,epsilon,train_score,valid_score,valid_std
power,2.2,2.2,10.0,0.5,0.4994012536724304,0.4899510248503537,0.03234281224488986
