kernel,alpha1,alpha2,lambda,epsilon,train_score,valid_score,valid_std
polynomial,5.0,5.0,10.0,0.5,0.9616650407051066,0.4899510248503538,0.06340367767017449
