kernel,alpha1,alpha2,lambda,epsilon,train_score,valid_score,valid_std
chi_square,0.0,0.0,1.0,0.5,0.20410314203054564,0.23118084527480504,0.03493239390661022
