kernel,alpha1,alpha2,lambda,epsilon,train_score,valid_score,valid_std
polynomial,2.0,2.0,100.0,0.5,0.6710097221287762,0.57950752766189,0.054958281296157326
