kernel,alpha1,alpha2,lambda,epsilon,train_score,valid_score,valid_std
multiquadratic,1.0,1.0,1.0,0.5,0.14502837022584042,0.14889805913295845,0.03460292014287203
