kernel,alpha1,alpha2,lambda,epsilon,train_score,valid_score,valid_std
circular,1.0,1.0,100.0,0.5,0.5472450604409158,0.3887311808452748,0.04322057907861175
