kernel,alpha1,alpha2,lambda,epsilon,train_score,valid_score,valid_std
circular,0.5,0.5,1.0,0.5,0.8831230796833299,0.3740023580627608,0.023951858248238644
