kernel,alpha1,alpha2,lambda,epsilon,train_score,valid_score,valid_std
gaussian,5.0,5.0,100.0,0.5,0.6576817712888829,0.5936831126428441,0.03946442206103819
