kernel,alpha1,alpha2,lambda,epsilon,train_score,valid_score,valid_std
multiquadratic,10.0,10.0,10.0,0.5,0.13821587162753146,0.1360738255033557,0.025984014382621202
