kernel,alpha1,alpha2,lambda,epsilon,train_score,valid_score,valid_std
anova,1.0,1.0,1.0,0.5,0.6662176770055396,0.6024396880101578,0.029347927640317947
