kernel,alpha1,alpha2,lambda,epsilon,train_score,valid_score,valid_std
circular,0.5,0.5,10.0,0.5,0.8578919688712462,0.3220886994376927,0.018217125298253894
