kernel,alpha1,alpha2,lambda,epsilon,train_score,valid_score,valid_std
chi_square,0.0,0.0,10.0,0.5,0.20717082688555472,0.2250090694721567,0.03792801017199469
