kernel,alpha1,alpha2,lambda,epsilon,train_score,valid_score,valid_std
multiquadratic,5.0,5.0,1.0,0.5,0.13798907802372778,0.13883094503899873,0.026891300386103045
