kernel,alpha1,alpha2,lambda,epsilon,train_score,valid_score,valid_std
polynomial,8.0,8.0,1.0,0.5,0.9770888559958735,0.43799201886450206,0.04399356017658374
