kernel,alpha1,alpha2,lambda,epsilon,train_score,valid_score,valid_std
multiquadratic,5.0,5.0,100.0,0.5,0.13552002736100832,0.13067295483402866,0.026391394150525844
