kernel,alpha1,alpha2,lambda,epsilon,train_score,valid_score,valid_std
laplacian,5.0,5.0,10.0,0.5,0.9675796721164411,0.6138808271358607,0.042489489999629725
