kernel,alpha1,alpha2,lambda,epsilon,train_score,valid_score,valid_std
polynomial,8.0,8.0,1.0,0.5,0.9776129202269619,0.4407309994558316,0.04971273377198011
