kernel,alpha1,alpha2,lambda,epsilon,train_score,valid_score,valid_std
anova,1.0,1.0,100.0,0.5,0.7694678059611115,0.58285416288772,0.04597012715420621
