kernel,alpha1,alpha2,lambda,epsilon,train_score,valid_score,valid_std
circular,5.0,5.0,1.0,0.5,0.14592679808921483,0.15363232359876655,0.022790975852666925
