kernel,alpha1,alpha2,lambda,epsilon,train_score,valid_score,valid_std
linear,10.0,10.0,10.0,0.5,0.6027263450626836,0.5815753673136224,0.03996328605847136
