kernel,alpha1,alpha2,lambda,epsilon,train_score,valid_score,valid_std
hyperbolic_tangent,0.5,0.5,10.0,0.5,0.31199443809011196,0.31198077271902774,0.045673441262678485
