kernel,par,train_score,valid_score,valid_std
vovks_infinite_polynomial,0,0.16442087734643074,0.21023943406493745,0.02052804250721727
