kernel,alpha1,alpha2,lambda,epsilon,train_score,valid_score,valid_std
wave,1.0,1.0,1.0,0.5,0.6086399111888582,0.5586522764375113,0.017138605315685746
