kernel,alpha1,alpha2,lambda,epsilon,train_score,valid_score,valid_std
log,5.0,5.0,100.0,0.5,0.6045227522483124,0.5060765463450028,0.047906536745189146
