kernel,alpha1,alpha2,lambda,epsilon,train_score,valid_score,valid_std
polynomial,2.0,2.0,10.0,0.5,0.6594796923007917,0.5876156357699982,0.04723161519025757
