kernel,alpha1,alpha2,lambda,epsilon,train_score,valid_score,valid_std
laplacian,0.5,0.5,1.0,0.5,0.9414492924263831,0.5708144385996734,0.048045258890941495
