kernel,alpha1,alpha2,lambda,epsilon,train_score,valid_score,valid_std
circular,5.0,5.0,10.0,0.5,0.1433810468949741,0.15225376383094508,0.03733732305125039
