kernel,alpha1,alpha2,lambda,epsilon,train_score,valid_score,valid_std
polynomial,5.0,5.0,100.0,0.5,0.9827789925766444,0.5014329766007618,0.05016860810464702
