kernel,alpha1,alpha2,lambda,epsilon,train_score,valid_score,valid_std
log,5.0,5.0,1.0,0.5,0.6014526004171433,0.5620623979684382,0.041091401315023736
