kernel,alpha1,alpha2,lambda,epsilon,train_score,valid_score,valid_std
linear,10.0,10.0,100.0,0.5,0.6055701518311691,0.5821784872120441,0.03640453700313227
