kernel,alpha1,alpha2,lambda,epsilon,train_score,valid_score,valid_std
polynomial,8.0,8.0,10.0,0.5,0.9930369037206486,0.45280700163250504,0.03967088643605677
