kernel,alpha1,alpha2,lambda,epsilon,train_score,valid_score,valid_std
power,2.0,2.0,100.0,0.5,0.604747975958196,0.5815799020497007,0.028082365087008163
