kernel,alpha1,alpha2,lambda,epsilon,train_score,valid_score,valid_std
gaussian,1.0,1.0,10.0,0.5,0.8678489089237257,0.5606112824233629,0.038712541254787035
