kernel,alpha1,alpha2,lambda,epsilon,train_score,valid_score,valid_std
chi_square,0.0,0.0,100.0,0.5,0.20769797483684319,0.23715762742608382,0.04594256043395791
