kernel,alpha1,alpha2,lambda,epsilon,train_score,valid_score,valid_std
log,2.0,2.0,1.0,0.5,0.7684186122137746,0.6065254852167604,0.03105074196287304
