kernel,alpha1,alpha2,lambda,epsilon,train_score,valid_score,valid_std
log,8.0,8.0,10.0,0.5,0.5697844199241966,0.533044621803011,0.03822821271599577
