kernel,alpha1,alpha2,lambda,epsilon,train_score,valid_score,valid_std
gaussian,0.5,0.5,10.0,0.5,0.9955075803449283,0.5128242336296027,0.051938154997438375
