kernel,alpha1,alpha2,lambda,epsilon,train_score,valid_score,valid_std
linear,10.0,10.0,1.0,0.5,0.602125972773554,0.5841647016143661,0.028272499338003243
