kernel,alpha1,alpha2,lambda,epsilon,train_score,valid_score,valid_std
circular,1.0,1.0,10.0,0.5,0.5369875417703918,0.3834890259386904,0.030967241206413778
