kernel,alpha1,alpha2,lambda,epsilon,train_score,valid_score,valid_std
spline,0.0,0.0,10.0,0.5,0.33535535670232564,0.32074188282241967,0.023525457304005525
