kernel,alpha1,alpha2,lambda,epsilon,train_score,valid_score,valid_std
gaussian,5.0,5.0,1.0,0.5,0.6090877234295453,0.5862007981135499,0.03788766674446071
