kernel,alpha1,alpha2,lambda,epsilon,train_score,valid_score,valid_std
hyperbolic_tangent,1.0,1.0,100.0,0.5,0.30106522909237704,0.31396698712134957,0.03352205734377916
