kernel,alpha1,alpha2,lambda,epsilon,train_score,valid_score,valid_std
polynomial,5.0,5.0,1.0,0.5,0.9237044450424993,0.49796843823689463,0.04161746865071849
