kernel,alpha1,alpha2,lambda,epsilon,train_score,valid_score,valid_std
gaussian,1.0,1.0,100.0,0.5,0.9660075915584561,0.5161164520224923,0.03815358995417175
