kernel,alpha1,alpha2,lambda,epsilon,train_score,valid_score,valid_std
anova,0.5,0.5,10.0,0.5,0.6991597142793066,0.590898784690731,0.0508539070815014
