kernel,alpha1,alpha2,lambda,epsilon,train_score,valid_score,valid_std
anova,5.0,5.0,10.0,0.5,0.8107236089618516,0.5519227280972248,0.033203912299249946
