kernel,alpha1,alpha2,lambda,epsilon,train_score,valid_score,valid_std
polynomial,5.0,5.0,1.0,0.5,0.9224315414115589,0.5100535098857247,0.0402378099674579
