kernel,alpha1,alpha2,lambda,epsilon,train_score,valid_score,valid_std
spline,0.0,0.0,1.0,0.5,0.33737693153019804,0.32410665699256297,0.0518100128122184
