kernel,alpha1,alpha2,lambda,epsilon,train_score,valid_score,valid_std
laplacian,5.0,5.0,1.0,0.5,0.6869572652447913,0.6091692363504444,0.026218659707928346
