kernel,alpha1,alpha2,lambda,epsilon,train_score,valid_score,valid_std
polynomial,5.0,5.0,10.0,0.5,0.9622635627621163,0.4898331217123163,0.04138690326245155
