kernel,alpha1,alpha2,lambda,epsilon,train_score,valid_score,valid_std
spherical,1.0,1.0,1.0,0.5,0.9715482518109848,0.4238300380917831,0.03894006176179143
