kernel,alpha1,alpha2,lambda,epsilon,train_score,valid_score,valid_std
circular,5.0,5.0,100.0,0.5,0.14076033326605217,0.14689824052240158,0.026921007561699586
