kernel,alpha1,alpha2,lambda,epsilon,train_score,valid_score,valid_std
multiquadratic,1.0,1.0,100.0,0.5,0.14570247146157125,0.14964175584980957,0.02114217732420195
