kernel,alpha1,alpha2,lambda,epsilon,train_score,valid_score,valid_std
multiquadratic,1.0,1.0,10.0,0.5,0.14577894772253247,0.1469390531471068,0.027643135560211946
