kernel,alpha1,alpha2,lambda,epsilon,train_score,valid_score,valid_std
hyperbolic_tangent,0.5,0.5,100.0,0.5,0.33879656417502074,0.3477870487937602,0.043135520363634536
