kernel,alpha1,alpha2,lambda,epsilon,train_score,valid_score,valid_std
anova,5.0,5.0,100.0,0.5,0.8495813989997533,0.5445175040812624,0.023078118418841935
