kernel,alpha1,alpha2,lambda,epsilon,train_score,valid_score,valid_std
power,2.5,2.5,1.0,0.5,0.4890681558231851,0.4810720116089244,0.043729982450219945
