kernel,alpha1,alpha2,lambda,epsilon,train_score,valid_score,valid_std
log,8.0,8.0,100.0,0.5,0.5817614209782682,0.5121757663703972,0.027750837907934367
