kernel,alpha1,alpha2,lambda,epsilon,train_score,valid_score,valid_std
log,2.0,2.0,10.0,0.5,0.953429937877055,0.5552058770179575,0.049582096734152085
