kernel,alpha1,alpha2,lambda,epsilon,train_score,valid_score,valid_std
rational_quadratic,10.0,10.0,100.0,0.5,0.8357280383054118,0.5632822419735171,0.04651641666412354
