kernel,alpha1,alpha2,lambda,epsilon,train_score,valid_score,valid_std
power,2.2,2.2,100.0,0.5,0.5036674404000987,0.4844685289316161,0.04390672470900613
