kernel,alpha1,alpha2,lambda,epsilon,train_score,valid_score,valid_std
gaussian,0.5,0.5,1.0,0.5,0.891059734463657,0.5289678940685653,0.04604217296325943
