kernel,alpha1,alpha2,lambda,epsilon,train_score,valid_score,valid_std
anova,1.0,1.0,100.0,0.5,0.7669962883222319,0.5842191184473065,0.03469366985817124
