kernel,alpha1,alpha2,lambda,epsilon,train_score,valid_score,valid_std
wave,1.0,1.0,10.0,0.5,0.5948625221467178,0.5060992200253945,0.04069609828655664
