kernel,alpha1,alpha2,lambda,epsilon,train_score,valid_score,valid_std
hyperbolic_tangent,5.0,5.0,100.0,0.5,0.2780770481508893,0.28035098857246515,0.033903180573721006
