kernel,alpha1,alpha2,lambda,epsilon,train_score,valid_score,valid_std
polynomial,8.0,8.0,10.0,0.5,0.9927372782524836,0.4440776346816615,0.04956628254716934
