kernel,par,train_score,valid_score,valid_std
chi_square,0,189968191.67670614,191193612.3967538,27516969.351945475
