kernel,par,train_score,valid_score,valid_std
hyperbolic_tangent,0,14363.787671728682,14158.26803830248,1595.440317608119
