kernel,par,train_score,valid_score,valid_std
spline,0,0.9975601811392705,0.9151747655583972,0.032197537150090626
