kernel,par,train_score,valid_score,valid_std
vovks_infinite_polynomial,0,0.3238979370249728,0.3381926683716965,0.07134796115417844
