kernel,par,train_score,valid_score,valid_std
chi_square,0,269117503130.29865,267605122798.39755,64143156294.70921
