kernel,par,train_score,valid_score,valid_std
hyperbolic_tangent,0,1173.360095307974,874.0062873519352,159.73814374311164
