kernel,par,train_score,valid_score,valid_std
linear,0,1.0783774866663576,1.0754261609608906,2.3827380611434994
