kernel,par,train_score,valid_score,valid_std
spline,0,338972.87871603423,207114.36009902,282300.32249910873
