kernel,par,train_score,valid_score,valid_std
histogram_intersection,0,0.2997068631284738,0.41463197470801993,0.07340124369094504
