kernel,par,train_score,valid_score,valid_std
linear,0,0.8911764705882353,0.7441176470588236,0.09397967828629678
