kernel,par,train_score,valid_score,valid_std
hyperbolic_tangent,0,0.11013071895424838,0.07058823529411765,0.04401949866792873
