kernel,par,train_score,valid_score,valid_std
linear,0,0.9481481481481481,0.9,0.04492371967646001
