kernel,par,train_score,valid_score,valid_std
hyperbolic_tangent,0,0.42328042328042326,0.4333333333333333,0.07810104508027012
