kernel,par,train_score,valid_score,valid_std
linear,0,0.8769555555555556,0.8694000000000001,0.016371927192606266
