kernel,par,train_score,valid_score,valid_std
vovks_infinite_polynomial,0,0.09408888888888889,0.13840000000000002,0.016776173580408615
