kernel,par,train_score,valid_score,valid_std
circular,0.5,1.0,0.331,0.019580602646496865
circular,1.0,1.0,0.3288,0.02088444397153058
circular,5.0,0.6606444444444444,0.6842,0.018962067397834
