kernel,par,train_score,valid_score,valid_std
spline,0,0.6053333333333334,0.5702,0.025744125543509896
