kernel,par,train_score,valid_score,valid_std
vovks_infinite_polynomial,0,124293661.61155894,133068399.08409226,187481493.8069972
