kernel,par,train_score,valid_score,valid_std
linear,0,0.6452867239235314,0.6556271224007166,0.08373394861091947
