kernel,par,train_score,valid_score,valid_std
histogram_intersection,0,0.705375484985086,0.6138808271358607,0.03491991794721029
