kernel,par,train_score,valid_score,valid_std
chi_square,0,0.20679786494426877,0.23449120261200798,0.03498152550171296
