kernel,par,train_score,valid_score,valid_std
spline,0,0.33655234474870477,0.3132323598766552,0.041017885793790246
